3545804;29/11/2022;76.000,00;1.0;Volkswagen Virtus;Quilometragem,Câmbio,Ano - Modelo,Portas,Combustível,Placa,Troca?,cor;67.000 Km,Automático,2019/2020,4,Bi-Combustível,QWT,Aceito Troca,Branco;ABS,AIR BAGS 4,ALARME,AR CONDICIONADO,AR QUENTE,ASSIST. PARTIDA EM RAMPA,BANCO AJUSTE ALTURA,CÂMBIO AUTOMÁTICO,CD / MP3,CENTRAL MULTIMIDIA,COMPUTADOR DE BORDO,CONTROLE ESTABILIDADE,CONTROLE TRAÇÃO,DESEMBAÇADOR,DIREÇÃO ELÉTRICA,FARÓIS AUXILIARES,PILOTO AUTOMÁTICO,RETROVISORES ELÉTRICOS,RODAS DE LIGA LEVE,SENSOR DE ESTACIONAMENTO,TRAVAS ELÉTRICAS,TURBO,VIDROS ELÉTRICOS,VOLANTE AJUSTÁVEL,VOLANTE COMANDO MULTIMÍDIA;Particular;Contagem;29/11/2022
3578524;29/11/2022;79.900,00;1.6;Volkswagen Virtus;Quilometragem,Câmbio,Ano - Modelo,Portas,Combustível,Placa,Troca?,cor;21.900 Km,Automático,2019/2020,4,Bi-Combustível,QXE,Aceito Troca,Branco;ABS,ALARME,AR CONDICIONADO,AR QUENTE,BANCOS DE COURO,CÂMBIO AUTOMÁTICO,CD / MP3,CENTRAL MULTIMIDIA,COMPUTADOR DE BORDO,DIREÇÃO HIDRÁULICA,FARÓIS AUXILIARES,RETROVISORES ELÉTRICOS,RODAS DE LIGA LEVE,SENSOR DE ESTACIONAMENTO,TRAVAS ELÉTRICAS,VIDROS ELÉTRICOS;Particular;Belo Horizonte;29/11/2022
3546056;29/11/2022;120.000,00;1.0;Volkswagen Nivus;Quilometragem,Câmbio,Ano - Modelo,Portas,Combustível,Placa,Troca?,cor;19.000 Km,Automático,2021/2021,4,Bi-Combustível,RNF,Não Aceita Troca,Cinza;ABS,AIR BAGS 6,ALARME,AR QUENTE,AR-COND. DIGITAL,ASSIST. PARTIDA EM RAMPA,BANCO AJUSTE ALTURA,BANCOS DE COURO,CÂMBIO AUTOMÁTICO,CÂMERA DE RÉ,CENTRAL MULTIMIDIA,COMPUTADOR DE BORDO,CONTROLE ESTABILIDADE,CONTROLE TRAÇÃO,DIREÇÃO ELÉTRICA,DIREÇÃO HIDRÁULICA,EBD,FARÓIS AUXILIARES,FARÓIS LED,LIMPADOR TRASEIRO,PILOTO AUTOMÁTICO,RETROVISORES ELÉTRICOS,RODAS DE LIGA LEVE,SENSOR DE ESTACIONAMENTO,TRAVAS ELÉTRICAS,TURBO,VIDROS ELÉTRICOS,VOLANTE AJUSTÁVEL,VOLANTE COMANDO MULTIMÍDIA;Particular;Contagem;29/11/2022
2911115;27/11/2022;239.900,00;2.0;Volkswagen Amarok;Quilometragem,Câmbio,Ano - Modelo,Portas,Combustível,Placa,Troca?,cor;57.000 Km,Automático,2020/2020,4,Diesel,RFR,Aceito Troca,Branco;ABS,AIR BAGS 8,ALARME,AR CONDICIONADO,AR QUENTE,AR-COND. DIGITAL,BANCO AJUSTE ALTURA,BANCOS DE COURO,CÂMBIO AUTOMÁTICO,CÂMERA DE RÉ,CAPOTA MARÍTIMA,CENTRAL MULTIMIDIA,COMPUTADOR DE BORDO,CONTROLE ESTABILIDADE,CONTROLE TRAÇÃO,DESEMBAÇADOR,DIREÇÃO ELÉTRICA,DIREÇÃO HIDRÁULICA,DVD,ENGATE,FARÓIS AUXILIARES,FARÓIS LED,FAROL XENÔNIO,GPS,LIMPADOR TRASEIRO,MP3 / USB,PILOTO AUTOMÁTICO,PROTETOR DE CAÇAMBA,RETROVISORES ELÉTRICOS,RODAS DE LIGA LEVE,SENSOR DE ESTACIONAMENTO,TRAÇÃO 4x4,TRAVAS ELÉTRICAS,TURBO,VIDROS ELÉTRICOS,VOLANTE AJUSTÁVEL,VOLANTE COMANDO MULTIMÍDIA;Particular;Belo Horizonte;29/11/2022
3577537;27/11/2022;126.000,00;1.4;Volkswagen T-Cross;Quilometragem,Câmbio,Ano - Modelo,Portas,Combustível,Placa,Troca?,cor;32.500 Km,Automático,2020/2021,4,Bi-Combustível,RFZ,Não Aceita Troca,Branco;ABS,AIR BAGS 6,ALARME,AR QUENTE,AR-COND. DIGITAL,ASSIST. PARTIDA EM RAMPA,BANCO AJUSTE ALTURA,BANCOS DE COURO,CÂMBIO AUTOMÁTICO,CÂMERA DE RÉ,CENTRAL MULTIMIDIA,COMPUTADOR DE BORDO,CONTROLE ESTABILIDADE,CONTROLE TRAÇÃO,DESEMBAÇADOR,DIREÇÃO ELÉTRICA,FARÓIS AUXILIARES,GPS,LIMPADOR TRASEIRO,MP3 / USB,PILOTO AUTOMÁTICO,RETROVISORES ELÉTRICOS,RODAS DE LIGA LEVE,SENSOR DE ESTACIONAMENTO,TRAVAS ELÉTRICAS,TURBO,VIDROS ELÉTRICOS,VOLANTE AJUSTÁVEL,VOLANTE COMANDO MULTIMÍDIA;Particular;Belo Horizonte;29/11/2022
3543050;26/11/2022;62.900,00;1.6;Volkswagen Saveiro Cab. Simples;Quilometragem,Câmbio,Ano - Modelo,Portas,Combustível,Placa,Troca?,cor;58.500 Km,Manual,2019/2020,2,Bi-Combustível,QUF,Não Aceita Troca,Branco;ABS,AR CONDICIONADO,CÂMBIO MANUAL,CAPOTA MARÍTIMA,CD / MP3,DIREÇÃO HIDRÁULICA,PROTETOR DE CAÇAMBA,RODAS DE LIGA LEVE,TRAVAS ELÉTRICAS,VIDROS ELÉTRICOS;Particular;Belo Horizonte;29/11/2022
3507638;26/11/2022;47.900,00;1.0;Volkswagen Voyage;Quilometragem,Câmbio,Ano - Modelo,Portas,Combustível,Placa,Troca?,cor;52.000 Km,Manual,2020/2021,4,Bi-Combustível,RFL,Aceito Troca,Branco;ABS,AR CONDICIONADO,AR QUENTE,CÂMBIO MANUAL,CENTRAL MULTIMIDIA,DIREÇÃO HIDRÁULICA,MP3 / USB,VIDROS ELÉTRICOS;Particular;Belo Horizonte;29/11/2022
3509447;26/11/2022;71.900,00;1.0;Volkswagen Up!;Quilometragem,Câmbio,Ano - Modelo,Portas,Combustível,Placa,Troca?,cor;51.000 Km,Manual,2019/2020,5,Bi-Combustível,QUC,Não Aceita Troca,Branco;ALARME,AR CONDICIONADO,AR QUENTE,CÂMBIO MANUAL,DIREÇÃO HIDRÁULICA,RODAS DE LIGA LEVE,SENSOR DE ESTACIONAMENTO,TRAVAS ELÉTRICAS,VIDROS ELÉTRICOS,VOLANTE AJUSTÁVEL,VOLANTE COMANDO MULTIMÍDIA;Particular;Belo Horizonte;29/11/2022
3544586;26/11/2022;129.900,00;1.0;Volkswagen T-Cross;Quilometragem,Câmbio,Ano - Modelo,Portas,Combustível,Placa,Troca?,cor;4.000 Km,Automático,2021/2022,4,Bi-Combustível,SAF,Aceito Troca,Preto;ABS,AIR BAGS 4,ALARME,AR CONDICIONADO,AR QUENTE,AR-COND. DIGITAL,ASSIST. PARTIDA EM RAMPA,BANCO AJUSTE ALTURA,BANCOS DE COURO,CÂMBIO AUTOMÁTICO,CÂMERA DE RÉ,CD / MP3,CENTRAL MULTIMIDIA,COMPUTADOR DE BORDO,CONTROLE ESTABILIDADE,CONTROLE TRAÇÃO,DESEMBAÇADOR,DIREÇÃO ELÉTRICA,DIREÇÃO HIDRÁULICA,FARÓIS AUXILIARES,FARÓIS LED,FAROL XENÔNIO,GPS,LIMPADOR TRASEIRO,MP3 / USB,PILOTO AUTOMÁTICO,RETROVISORES ELÉTRICOS,RODAS DE LIGA LEVE,SENSOR DE ESTACIONAMENTO,TRAVAS ELÉTRICAS,TURBO,VIDROS ELÉTRICOS,VOLANTE AJUSTÁVEL,VOLANTE COMANDO MULTIMÍDIA;Particular;Belo Horizonte;29/11/2022
3576561;25/11/2022;62.900,00;1.6;Volkswagen Saveiro Cab. Simples;Quilometragem,Câmbio,Ano - Modelo,Portas,Combustível,Placa,Troca?,cor;59.341 Km,Manual,2020/2021,2,Bi-Combustível,QXN,Não Aceita Troca,Branco;ABS,AIR BAGS 2,AR CONDICIONADO,AR QUENTE,BANCO AJUSTE ALTURA,CÂMBIO MANUAL,DESEMBAÇADOR,DIREÇÃO HIDRÁULICA,EBD,PROTETOR DE CAÇAMBA,TRAVAS ELÉTRICAS,VIDROS ELÉTRICOS;Particular;Belo Horizonte;29/11/2022
3535094;25/11/2022;59.990,00;1.6;Volkswagen Voyage;Quilometragem,Câmbio,Ano - Modelo,Portas,Combustível,Placa,Troca?,cor;27.500 Km,Manual,2019/2020,4,Bi-Combustível,QUU,Aceito Troca,Prata;ALARME,AR CONDICIONADO,AR QUENTE,CÂMBIO MANUAL,DESEMBAÇADOR,DIREÇÃO HIDRÁULICA,TRAVAS ELÉTRICAS,VIDROS ELÉTRICOS;Particular;Mariana;29/11/2022
3576343;25/11/2022;62.500,00;1.6;Volkswagen Voyage;Quilometragem,Câmbio,Ano - Modelo,Portas,Combustível,Placa,Troca?,cor;51.000 Km,Manual,2019/2020,4,Gasolina,QUN,Não Aceita Troca,Branco;ALARME,AR CONDICIONADO,AR QUENTE,BANCO AJUSTE ALTURA,BANCOS DE COURO,CÂMBIO MANUAL,CD / MP3,CENTRAL MULTIMIDIA,COMPUTADOR DE BORDO,DESEMBAÇADOR,DIREÇÃO HIDRÁULICA,FARÓIS AUXILIARES,RETROVISORES ELÉTRICOS,RODAS DE LIGA LEVE,SENSOR DE ESTACIONAMENTO,TRAVAS ELÉTRICAS,VIDROS ELÉTRICOS,VOLANTE COMANDO MULTIMÍDIA;Particular;Belo Horizonte;29/11/2022
3477114;25/11/2022;106.900,00;1.0;Volkswagen T-Cross;Quilometragem,Câmbio,Ano - Modelo,Portas,Combustível,Placa,Troca?,cor;42.500 Km,Automático,2021/2021,5,Bi-Combustível,RMF,Não Aceita Troca,Preto;ABS,AIR BAGS 6,ALARME,AR CONDICIONADO,AR QUENTE,AR-COND. DIGITAL,ASSIST. PARTIDA EM RAMPA,BANCO AJUSTE ALTURA,CÂMBIO AUTOMÁTICO,CÂMERA DE RÉ,CENTRAL MULTIMIDIA,CONTROLE ESTABILIDADE,CONTROLE TRAÇÃO,DESEMBAÇADOR,DIREÇÃO ELÉTRICA,FARÓIS AUXILIARES,GPS,LIMPADOR TRASEIRO,MP3 / USB,PILOTO AUTOMÁTICO,RETROVISORES ELÉTRICOS,RODAS DE LIGA LEVE,SENSOR DE ESTACIONAMENTO,TRAVAS ELÉTRICAS,TURBO,VIDROS ELÉTRICOS,VOLANTE AJUSTÁVEL,VOLANTE COMANDO MULTIMÍDIA;Particular;Belo Horizonte;29/11/2022
3575178;24/11/2022;72.000,00;1.6;Volkswagen Fox;Quilometragem,Câmbio,Ano - Modelo,Portas,Combustível,Placa,Troca?,cor;22.000 Km,Manual,2019/2020,4,Bi-Combustível,QXT,Aceito Troca,Branco;ALARME,AR CONDICIONADO,AR QUENTE,BANCO AJUSTE ALTURA,CÂMBIO MANUAL,CÂMERA DE RÉ,CENTRAL MULTIMIDIA,COMPUTADOR DE BORDO,DIREÇÃO ELÉTRICA,FARÓIS AUXILIARES,LIMPADOR TRASEIRO,PILOTO AUTOMÁTICO,RETROVISORES ELÉTRICOS,RODAS DE LIGA LEVE,TRAVAS ELÉTRICAS,VIDROS ELÉTRICOS,VOLANTE AJUSTÁVEL,VOLANTE COMANDO MULTIMÍDIA;Particular;None;29/11/2022
3499585;24/11/2022;59.500,00;1.6;Volkswagen Gol;Quilometragem,Câmbio,Ano - Modelo,Portas,Combustível,Placa,Troca?,cor;37.120 Km,Manual,2021/2022,4,Bi-Combustível,RNT,Não Aceita Troca,Prata;AR CONDICIONADO,CÂMBIO MANUAL,DESEMBAÇADOR,DIREÇÃO HIDRÁULICA;Particular;Belo Horizonte;29/11/2022
3337581;24/11/2022;78.500,00;1.0;Volkswagen Virtus;Quilometragem,Câmbio,Ano - Modelo,Portas,Combustível,Placa,Troca?,Leilão,cor;22.000 Km,Automático,2020/2021,4,Bi-Combustível,RFU,Não Aceita Troca,Proveniente de leilão,Branco;ABS,ALARME,AR CONDICIONADO,ASSIST. PARTIDA EM RAMPA,BANCO AJUSTE ALTURA,CÂMBIO AUTOMÁTICO,CENTRAL MULTIMIDIA,COMPUTADOR DE BORDO,CONTROLE ESTABILIDADE,DESEMBAÇADOR,FARÓIS AUXILIARES,MP3 / USB,PILOTO AUTOMÁTICO,RETROVISORES ELÉTRICOS,RODAS DE LIGA LEVE,SENSOR DE ESTACIONAMENTO,TRAVAS ELÉTRICAS,TURBO,VIDROS ELÉTRICOS,VOLANTE AJUSTÁVEL,VOLANTE COMANDO MULTIMÍDIA;Particular;Belo Horizonte;29/11/2022
3343820;23/11/2022;46.900,00;1.0;Volkswagen Gol;Quilometragem,Câmbio,Ano - Modelo,Portas,Combustível,Placa,Troca?,cor;96.000 Km,Manual,2019/2020,5,Bi-Combustível,QXE,Não Aceita Troca,Vermelho;ABS,AIR BAGS 2,AR CONDICIONADO,AR QUENTE,CÂMBIO MANUAL,CD / MP3,DESEMBAÇADOR,DIREÇÃO HIDRÁULICA,LIMPADOR TRASEIRO,TRAVAS ELÉTRICAS,VIDROS ELÉTRICOS,VOLANTE AJUSTÁVEL;Particular;Belo Horizonte;29/11/2022
3397739;23/11/2022;59.000,00;1.6;Volkswagen Gol;Quilometragem,Câmbio,Ano - Modelo,Portas,Combustível,Placa,Troca?,cor;21.000 Km,Manual,2019/2020,4,Bi-Combustível,QUG,Não Aceita Troca,Branco;AIR BAGS 2,AR CONDICIONADO,CÂMBIO MANUAL,CD / MP3,COMPUTADOR DE BORDO,DIREÇÃO HIDRÁULICA,LIMPADOR TRASEIRO,MP3 / USB,TRAVAS ELÉTRICAS,VIDROS ELÉTRICOS;Particular;None;29/11/2022
3507633;23/11/2022;80.800,00;1.6;Volkswagen Saveiro Cab Dupla;Quilometragem,Câmbio,Ano - Modelo,Portas,Combustível,Placa,Troca?,cor;79.000 Km,Manual,2020/2021,2,Bi-Combustível,RFC,Aceito Troca,Branco;ALARME,AR CONDICIONADO,AR QUENTE,CÂMBIO MANUAL,CAPOTA MARÍTIMA,CD / MP3,COMPUTADOR DE BORDO,DIREÇÃO HIDRÁULICA,SENSOR DE ESTACIONAMENTO,TRAVAS ELÉTRICAS,VIDROS ELÉTRICOS;Particular;Belo Horizonte;29/11/2022
3573909;23/11/2022;75.500,00;1.6;Volkswagen Virtus;Quilometragem,Câmbio,Ano - Modelo,Portas,Combustível,Placa,Troca?,cor;52.644 Km,Manual,2020/2021,5,Bi-Combustível,RFG,Não Aceita Troca,Preto;ABS,AIR BAGS 2,ALARME,AR CONDICIONADO,BANCO AJUSTE ALTURA,CÂMBIO MANUAL,CÂMERA DE RÉ,CENTRAL MULTIMIDIA,COMPUTADOR DE BORDO,DIREÇÃO HIDRÁULICA,RODAS DE LIGA LEVE,VIDROS ELÉTRICOS,VOLANTE COMANDO MULTIMÍDIA;Particular;Betim;29/11/2022
3578922;29/11/2022;120.800,00;1.0;Volkswagen Nivus;Quilometragem,Câmbio,Ano - Modelo,Portas,Combustível,Placa,Troca?,cor;43.707 Km,Automático,2020/2021,4,Bi-Combustível,RFN,Aceito Troca,Cinza;ABS,AIR BAGS 2,AR QUENTE,AR-COND. DIGITAL,CÂMBIO AUTOMÁTICO,CENTRAL MULTIMIDIA,COMPUTADOR DE BORDO,CONTROLE ESTABILIDADE,CONTROLE TRAÇÃO,DESEMBAÇADOR,DIREÇÃO ELÉTRICA,DIREÇÃO HIDRÁULICA,EBD,FARÓIS AUXILIARES,GPS,RETROVISORES ELÉTRICOS,RODAS DE LIGA LEVE,SENSOR DE ESTACIONAMENTO,TRAVAS ELÉTRICAS,VIDROS ELÉTRICOS,VOLANTE AJUSTÁVEL,VOLANTE COMANDO MULTIMÍDIA;Profissional;Av Tereza Cristina, 2960, Padre Eustaquio, Belo Horizonte - 30720-230;29/11/2022
3578898;29/11/2022;54.900,00;1.0;Volkswagen Gol;Quilometragem,Câmbio,Ano - Modelo,Portas,Combustível,Placa,Troca?,cor;63.593 Km,Manual,2020/2021,4,Bi-Combustível,BEI,Aceito Troca,Vermelho;ABS,AIR BAGS 1,AIR BAGS 2,AR CONDICIONADO,AR QUENTE,CÂMBIO MANUAL,CD / MP3,DIREÇÃO HIDRÁULICA,MP3 / USB,TRAVAS ELÉTRICAS,VIDROS ELÉTRICOS;Profissional;Av Vilarinho, 1251, venda nova, Belo Horizonte - 31315-250;29/11/2022
3578908;29/11/2022;54.900,00;1.0;Volkswagen Gol;Quilometragem,Câmbio,Ano - Modelo,Portas,Combustível,Placa,Troca?,cor;100.000 Km,Manual,2020/2021,4,Bi-Combustível,RFE,Aceito Troca,Cinza;AIR BAGS 1,AIR BAGS 2,AR CONDICIONADO,AR QUENTE,CÂMBIO MANUAL,DIREÇÃO HIDRÁULICA,MP3 / USB,TRAVAS ELÉTRICAS,VIDROS ELÉTRICOS;Profissional;Av Vilarinho, 1251, venda nova, Belo Horizonte - 31315-250;29/11/2022
3578910;29/11/2022;54.900,00;1.0;Volkswagen Gol;Quilometragem,Câmbio,Ano - Modelo,Portas,Combustível,Placa,Troca?,cor;100.000 Km,Manual,2020/2021,4,Bi-Combustível,RFI,Aceito Troca,Cinza;AIR BAGS 1,AIR BAGS 2,AR CONDICIONADO,AR QUENTE,CÂMBIO MANUAL,DIREÇÃO HIDRÁULICA,MP3 / USB,TRAVAS ELÉTRICAS,VIDROS ELÉTRICOS;Profissional;Av Vilarinho, 1251, venda nova, Belo Horizonte - 31315-250;29/11/2022
3578914;29/11/2022;58.900,00;1.6;Volkswagen Voyage;Quilometragem,Câmbio,Ano - Modelo,Portas,Combustível,Placa,Troca?,cor;26.828 Km,Manual,2020/2020,4,Bi-Combustível,QUX,Aceito Troca,Branco;ABS,AIR BAGS 1,AIR BAGS 2,AR CONDICIONADO,CÂMBIO MANUAL,DESEMBAÇADOR,DIREÇÃO HIDRÁULICA,MP3 / USB,TRAVAS ELÉTRICAS,VIDROS ELÉTRICOS,VOLANTE AJUSTÁVEL;Profissional;Rua Tiradentes, 1.875, Industrial, Contagem - 32230-020;29/11/2022
3478630;29/11/2022;73.900,00;1.0;Volkswagen Up!;Quilometragem,Câmbio,Ano - Modelo,Portas,Combustível,Placa,Troca?,cor;23.500 Km,Manual,2019/2020,4,Bi-Combustível,BDW,Aceito Troca,Branco;ABS,AIR BAGS 2,ALARME,AR CONDICIONADO,AR QUENTE,BANCO AJUSTE ALTURA,CÂMBIO MANUAL,COMPUTADOR DE BORDO,DESEMBAÇADOR,DIREÇÃO ELÉTRICA,FARÓIS AUXILIARES,LIMPADOR TRASEIRO,MP3 / USB,RETROVISORES ELÉTRICOS,RODAS DE LIGA LEVE,TRAVAS ELÉTRICAS,TURBO,VIDROS ELÉTRICOS,VOLANTE AJUSTÁVEL,VOLANTE COMANDO MULTIMÍDIA;Profissional;Av. Raquel Teixeira Viana, 546, Canaã, Sete Lagoas - 35700-293;29/11/2022
3578752;29/11/2022;112.900,00;1.0;Volkswagen Nivus;Quilometragem,Câmbio,Ano - Modelo,Portas,Combustível,Placa,Troca?,cor;11.822 Km,Automático,2021/2022,4,Bi-Combustível,RTB,Aceito Troca,Branco;ABS,AIR BAGS 6,AR CONDICIONADO,AR QUENTE,ASSIST. PARTIDA EM RAMPA,BANCO AJUSTE ALTURA,CÂMBIO AUTOMÁTICO,CÂMERA DE RÉ,CENTRAL MULTIMIDIA,COMPUTADOR DE BORDO,CONTROLE ESTABILIDADE,CONTROLE TRAÇÃO,DESEMBAÇADOR,DIREÇÃO ELÉTRICA,DIREÇÃO HIDRÁULICA,FARÓIS LED,LIMPADOR TRASEIRO,MP3 / USB,PILOTO AUTOMÁTICO,RETROVISORES ELÉTRICOS,RODAS DE LIGA LEVE,SENSOR DE ESTACIONAMENTO,TRAVAS ELÉTRICAS,TURBO,VIDROS ELÉTRICOS,VOLANTE AJUSTÁVEL,VOLANTE COMANDO MULTIMÍDIA;Profissional;Av Barao Homem de Melo, 600, Jardim America, Belo Horizonte - 30421-285;29/11/2022
3528106;29/11/2022;62.900,00;1.6;Volkswagen Voyage;Quilometragem,Câmbio,Ano - Modelo,Portas,Combustível,Placa,Troca?,cor;28.611 Km,Manual,2020/2021,4,Bi-Combustível,BER,Aceito Troca,Vermelho;ABS,AIR BAGS 1,AIR BAGS 2,ALARME,AR CONDICIONADO,CÂMBIO MANUAL,CD / MP3,DESEMBAÇADOR,DIREÇÃO HIDRÁULICA,LIMPADOR TRASEIRO,TRAVAS ELÉTRICAS,VIDROS ELÉTRICOS;Profissional;Av. Vilarinho, 1441, Venda Nova, Belo Horizonte - 31615-250;29/11/2022
3578624;29/11/2022;155.800,00;2.0;Volkswagen Amarok;Quilometragem,Câmbio,Ano - Modelo,Portas,Combustível,Placa,Troca?,cor;63.000 Km,Manual,2019/2020,4,Bi-Combustível,EXN,Aceito Troca,Branco;ABS,AIR BAGS 1,AIR BAGS 2,AR CONDICIONADO,CÂMBIO MANUAL,CAPOTA MARÍTIMA,COMPUTADOR DE BORDO,CONTROLE TRAÇÃO,LIMPADOR TRASEIRO,MP3 / USB,PROTETOR DE CAÇAMBA,RETROVISORES ELÉTRICOS,RODAS DE LIGA LEVE,SENSOR DE ESTACIONAMENTO,TRAÇÃO 4x4,TRAVAS ELÉTRICAS,TURBO;Profissional;Av Olimpio Garcia, 1200, Inconfidentes, Contagem - 32315-140;29/11/2022
3578918;29/11/2022;66.990,00;1.6;Volkswagen Virtus;Quilometragem,Câmbio,Ano - Modelo,Portas,Combustível,Placa,Troca?,cor;118.095 Km,Manual,2019/2020,4,Bi-Combustível,QUY,Aceito Troca,Cinza;ABS,AIR BAGS 1,AR CONDICIONADO,AR QUENTE,CÂMBIO MANUAL,DIREÇÃO ELÉTRICA,RETROVISORES ELÉTRICOS,RODAS DE LIGA LEVE,TRAVAS ELÉTRICAS,VIDROS ELÉTRICOS;Profissional;Av Nossa Senhora do Carmo, 777, Sion, Belo Horizonte - 30330-000;29/11/2022
3257351;29/11/2022;63.490,00;1.0;Volkswagen Polo Hatch;Quilometragem,Câmbio,Ano - Modelo,Portas,Combustível,Placa,Troca?,cor;50.600 Km,Manual,2019/2020,4,Bi-Combustível,QUU,Aceito Troca,Prata;ABS,ALARME,AR CONDICIONADO,CÂMBIO MANUAL,COMPUTADOR DE BORDO,CONTROLE TRAÇÃO,DESEMBAÇADOR,TRAVAS ELÉTRICAS,VIDROS ELÉTRICOS;Profissional;Av Raja Gabaglia, 4153, Santa Lucia, Belo Horizonte - 30350-577;29/11/2022
3579119;29/11/2022;59.490,00;1.6;Volkswagen Voyage;Quilometragem,Câmbio,Ano - Modelo,Portas,Combustível,Placa,Troca?,cor;50.556 Km,Manual,2020/2021,4,Bi-Combustível,RFX,Aceito Troca,Prata;ABS,ALARME,AR CONDICIONADO,BANCO AJUSTE ALTURA,CÂMBIO MANUAL,DESEMBAÇADOR,DIREÇÃO HIDRÁULICA,GPS,SENSOR DE ESTACIONAMENTO,TRAVAS ELÉTRICAS,VIDROS ELÉTRICOS;Profissional;Av Raja Gabaglia, 4153, Santa Lucia, Belo Horizonte - 30350-577;29/11/2022
3579152;29/11/2022;53.900,00;1.6;Volkswagen Gol;Quilometragem,Câmbio,Ano - Modelo,Portas,Combustível,Placa,Troca?,cor;51.627 Km,Manual,2019/2020,4,Bi-Combustível,QXF,Aceito Troca,Cinza;ABS,ALARME,AR CONDICIONADO,BANCO AJUSTE ALTURA,CÂMBIO MANUAL,DESEMBAÇADOR,DIREÇÃO HIDRÁULICA,SENSOR DE ESTACIONAMENTO,TRAVAS ELÉTRICAS,VIDROS ELÉTRICOS;Profissional;Av Raja Gabaglia, 4153, Santa Lucia, Belo Horizonte - 30350-577;29/11/2022
3579156;29/11/2022;53.900,00;1.6;Volkswagen Gol;Quilometragem,Câmbio,Ano - Modelo,Portas,Combustível,Placa,Troca?,cor;58.279 Km,Manual,2019/2020,4,Bi-Combustível,QXF,Aceito Troca,Cinza;ABS,ALARME,AR CONDICIONADO,BANCO AJUSTE ALTURA,CÂMBIO MANUAL,DESEMBAÇADOR,DIREÇÃO HIDRÁULICA,SENSOR DE ESTACIONAMENTO,TRAVAS ELÉTRICAS,VIDROS ELÉTRICOS;Profissional;Av Raja Gabaglia, 4153, Santa Lucia, Belo Horizonte - 30350-577;29/11/2022
3579167;29/11/2022;109.990,00;1.4;Volkswagen T-Cross;Quilometragem,Câmbio,Ano - Modelo,Portas,Combustível,Placa,Troca?,cor;56.200 Km,Automático,2019/2020,4,Bi-Combustível,QWU,Aceito Troca,Prata;ALARME,AR CONDICIONADO,CÂMBIO AUTOMÁTICO,COMPUTADOR DE BORDO,CONTROLE TRAÇÃO,DESEMBAÇADOR,RETROVISORES ELÉTRICOS,SENSOR DE ESTACIONAMENTO,VIDROS ELÉTRICOS;Profissional;Av Raja Gabaglia, 4153, Santa Lucia, Belo Horizonte - 30350-577;29/11/2022
3579174;29/11/2022;58.990,00;1.6;Volkswagen Voyage;Quilometragem,Câmbio,Ano - Modelo,Portas,Combustível,Placa,Troca?,cor;55.518 Km,Manual,2019/2020,4,Bi-Combustível,QUZ,Aceito Troca,Prata;ABS,ALARME,AR CONDICIONADO,BANCO AJUSTE ALTURA,CÂMBIO MANUAL,DESEMBAÇADOR,DIREÇÃO HIDRÁULICA,SENSOR DE ESTACIONAMENTO,TRAVAS ELÉTRICAS,VIDROS ELÉTRICOS;Profissional;Av Raja Gabaglia, 4153, Santa Lucia, Belo Horizonte - 30350-577;29/11/2022
3579181;29/11/2022;57.990,00;1.6;Volkswagen Gol;Quilometragem,Câmbio,Ano - Modelo,Portas,Combustível,Placa,Troca?,cor;54.344 Km,Manual,2020/2021,4,Bi-Combustível,RFB,Aceito Troca,Branco;ABS,ALARME,AR CONDICIONADO,BANCO AJUSTE ALTURA,CÂMBIO MANUAL,DESEMBAÇADOR,DIREÇÃO HIDRÁULICA,SENSOR DE ESTACIONAMENTO,TRAVAS ELÉTRICAS,VIDROS ELÉTRICOS;Profissional;Av Raja Gabaglia, 4153, Santa Lucia, Belo Horizonte - 30350-577;29/11/2022
3579185;29/11/2022;84.490,00;1.0;Volkswagen Virtus;Quilometragem,Câmbio,Ano - Modelo,Portas,Combustível,Placa,Troca?,cor;57.086 Km,Manual,2020/2021,4,Bi-Combustível,RFG,Aceito Troca,Prata;ABS,ALARME,AR CONDICIONADO,CÂMBIO MANUAL,CONTROLE TRAÇÃO,DESEMBAÇADOR,RETROVISORES ELÉTRICOS,RODAS DE LIGA LEVE,TRAVAS ELÉTRICAS,VIDROS ELÉTRICOS;Profissional;Av Raja Gabaglia, 4153, Santa Lucia, Belo Horizonte - 30350-577;29/11/2022
3579202;29/11/2022;53.900,00;1.6;Volkswagen Gol;Quilometragem,Câmbio,Ano - Modelo,Portas,Combustível,Placa,Troca?,cor;58.628 Km,Manual,2019/2020,4,Bi-Combustível,QUZ,Aceito Troca,Cinza;ABS,ALARME,AR CONDICIONADO,BANCO AJUSTE ALTURA,CÂMBIO MANUAL,DESEMBAÇADOR,DIREÇÃO HIDRÁULICA,SENSOR DE ESTACIONAMENTO,TRAVAS ELÉTRICAS,VIDROS ELÉTRICOS;Profissional;Av Raja Gabaglia, 4153, Santa Lucia, Belo Horizonte - 30350-577;29/11/2022
3579211;29/11/2022;63.990,00;1.0;Volkswagen Polo Hatch;Quilometragem,Câmbio,Ano - Modelo,Portas,Combustível,Placa,Troca?,cor;58.355 Km,Manual,2019/2020,4,Bi-Combustível,QUU,Aceito Troca,Cinza;ABS,ALARME,AR CONDICIONADO,CÂMBIO MANUAL,COMPUTADOR DE BORDO,CONTROLE TRAÇÃO,DESEMBAÇADOR,TRAVAS ELÉTRICAS,VIDROS ELÉTRICOS;Profissional;Av Raja Gabaglia, 4153, Santa Lucia, Belo Horizonte - 30350-577;29/11/2022
