3569255;27/11/2022;72.900,00;1.0;Hyundai HB20;Quilometragem,Câmbio,Ano - Modelo,Portas,Combustível,Placa,Troca?,cor;10.500 Km,Manual,2021/2022,4,Bi-Combustível,RHF,Aceito Troca,Preto;ABS,AIR BAGS 4,ALARME,AR CONDICIONADO,AR QUENTE,ASSIST. PARTIDA EM RAMPA,AWD,BANCO AJUSTE ALTURA,CÂMBIO MANUAL,CÂMERA DE RÉ,CENTRAL MULTIMIDIA,COMPUTADOR DE BORDO,CONTROLE ESTABILIDADE,CONTROLE TRAÇÃO,DESEMBAÇADOR,DIREÇÃO ELÉTRICA,EBD,GPS,LIMPADOR TRASEIRO,MP3 / USB,RETROVISORES ELÉTRICOS,RODAS DE LIGA LEVE,SENSOR DE ESTACIONAMENTO,TRAVAS ELÉTRICAS,VIDROS ELÉTRICOS,VOLANTE AJUSTÁVEL,VOLANTE COMANDO MULTIMÍDIA;Particular;Belo Horizonte;29/11/2022
3537061;22/11/2022;90.900,00;1.6;Hyundai HB20 X;Quilometragem,Câmbio,Ano - Modelo,Portas,Combustível,Placa,Troca?,cor;22.640 Km,Automático,2021/2022,4,Bi-Combustível,RNQ,Não Aceita Troca,Branco;ABS,AIR BAGS 4,ALARME,AR CONDICIONADO,AR QUENTE,AR-COND. DIGITAL,ASSIST. PARTIDA EM RAMPA,BANCO AJUSTE ALTURA,BANCOS DE COURO,CÂMBIO AUTOMÁTICO,CÂMERA DE RÉ,CENTRAL MULTIMIDIA,COMPUTADOR DE BORDO,CONTROLE ESTABILIDADE,CONTROLE TRAÇÃO,DESEMBAÇADOR,DIREÇÃO ELÉTRICA,FARÓIS AUXILIARES,FARÓIS LED,LIMPADOR TRASEIRO,MP3 / USB,PILOTO AUTOMÁTICO,RETROVISORES ELÉTRICOS,RODAS DE LIGA LEVE,SENSOR DE ESTACIONAMENTO,TRAVAS ELÉTRICAS,VIDROS ELÉTRICOS,VOLANTE AJUSTÁVEL,VOLANTE COMANDO MULTIMÍDIA;Particular;Belo Horizonte;29/11/2022
3570900;21/11/2022;90.000,00;1.6;Hyundai HB20 X;Quilometragem,Câmbio,Ano - Modelo,Portas,Combustível,Placa,Troca?,cor;2.750 Km,Automático,2021/2022,5,Bi-Combustível,RMT,Aceito Troca,Prata;ABS,ALARME,AR CONDICIONADO,AR QUENTE,AR-COND. DIGITAL,ASSIST. PARTIDA EM RAMPA,BANCO AJUSTE ALTURA,CÂMBIO AUTOMÁTICO,CÂMERA DE RÉ,CENTRAL MULTIMIDIA,COMPUTADOR DE BORDO,CONTROLE ESTABILIDADE,CONTROLE TRAÇÃO,DESEMBAÇADOR,DIREÇÃO ELÉTRICA,EBD,FARÓIS AUXILIARES,LIMPADOR TRASEIRO,MP3 / USB,PILOTO AUTOMÁTICO,RETROVISORES ELÉTRICOS,RODAS DE LIGA LEVE,SENSOR DE ESTACIONAMENTO,TRAVAS ELÉTRICAS,VIDROS ELÉTRICOS,VOLANTE AJUSTÁVEL,VOLANTE COMANDO MULTIMÍDIA;Particular;Belo Horizonte;29/11/2022
3569144;19/11/2022;155.900,00;2.0;Hyundai Creta;Quilometragem,Câmbio,Ano - Modelo,Portas,Combustível,Placa,Troca?,cor;8.000 Km,Automático,2022/2022,5,Bi-Combustível,RUI,Não Aceita Troca,Branco;ABS,AIR BAGS 6,ALARME,AR CONDICIONADO,AR QUENTE,AR-COND. DIGITAL,BANCO AJUSTE ALTURA,BANCOS DE COURO,CÂMBIO AUTOMÁTICO,CÂMERA DE RÉ,CD / MP3,CENTRAL MULTIMIDIA,COMPUTADOR DE BORDO,CONTROLE ESTABILIDADE,CONTROLE TRAÇÃO,DESEMBAÇADOR,DIREÇÃO ELÉTRICA,DIREÇÃO HIDRÁULICA,FARÓIS AUXILIARES,FARÓIS LED,FAROL XENÔNIO,GPS,LIMPADOR TRASEIRO,MP3 / USB,PILOTO AUTOMÁTICO,RETROVISORES ELÉTRICOS,RODAS DE LIGA LEVE,SENSOR DE ESTACIONAMENTO,TETO-SOLAR,TRAVAS ELÉTRICAS,VIDROS ELÉTRICOS,VOLANTE AJUSTÁVEL,VOLANTE COMANDO MULTIMÍDIA;Particular;Belo Horizonte;29/11/2022
3446745;17/11/2022;79.000,00;1.0;Hyundai HB20 S;Quilometragem,Câmbio,Ano - Modelo,Portas,Combustível,Placa,Troca?,cor;41.000 Km,Automático,2020/2020,5,Bi-Combustível,QXX,Não Aceita Troca,Branco;CÂMBIO AUTOMÁTICO;Particular;Belo Horizonte;29/11/2022
3490747;13/11/2022;94.990,00;1.6;Hyundai Creta;Quilometragem,Câmbio,Ano - Modelo,Portas,Combustível,Placa,Troca?,cor;17.000 Km,Automático,2021/2021,4,Bi-Combustível,RNC,Não Aceita Troca,Branco;ABS,AIR BAGS 2,ALARME,AR CONDICIONADO,AR QUENTE,ASSIST. PARTIDA EM RAMPA,BANCO AJUSTE ALTURA,BANCOS DE COURO,CÂMBIO AUTOMÁTICO,COMPUTADOR DE BORDO,CONTROLE ESTABILIDADE,CONTROLE TRAÇÃO,DESEMBAÇADOR,DIREÇÃO HIDRÁULICA,LIMPADOR TRASEIRO,RETROVISORES ELÉTRICOS,RODAS DE LIGA LEVE,SENSOR DE ESTACIONAMENTO,TRAVAS ELÉTRICAS,VIDROS ELÉTRICOS,VOLANTE AJUSTÁVEL,VOLANTE COMANDO MULTIMÍDIA;Particular;Belo Horizonte;29/11/2022
3507687;09/11/2022;64.800,00;1.0;Hyundai HB20;Quilometragem,Câmbio,Ano - Modelo,Portas,Combustível,Placa,Troca?,cor;49.249 Km,Manual,2020/2021,5,Bi-Combustível,RGD,Não Aceita Troca,Branco;ABS,ALARME,AR CONDICIONADO,AR QUENTE,ASSIST. PARTIDA EM RAMPA,BANCO AJUSTE ALTURA,CÂMBIO MANUAL,CÂMERA DE RÉ,CENTRAL MULTIMIDIA,COMPUTADOR DE BORDO,CONTROLE ESTABILIDADE,CONTROLE TRAÇÃO,DESEMBAÇADOR,DIREÇÃO ELÉTRICA,DIREÇÃO HIDRÁULICA,LIMPADOR TRASEIRO,MP3 / USB,RODAS DE LIGA LEVE,SENSOR DE ESTACIONAMENTO,TRAVAS ELÉTRICAS,VIDROS ELÉTRICOS,VOLANTE AJUSTÁVEL,VOLANTE COMANDO MULTIMÍDIA;Particular;Betim;29/11/2022
3520030;08/11/2022;62.000,00;1.0;Hyundai HB20;Quilometragem,Câmbio,Ano - Modelo,Portas,Combustível,Placa,Troca?,cor;23.700 Km,Manual,2020/2021,4,Bi-Combustível,RFU,Não Aceita Troca,Cinza;ABS,ALARME,AR CONDICIONADO,AR QUENTE,BANCO AJUSTE ALTURA,BANCOS DE COURO,CÂMBIO MANUAL,CENTRAL MULTIMIDIA,COMPUTADOR DE BORDO,DESEMBAÇADOR,DIREÇÃO ELÉTRICA,LIMPADOR TRASEIRO,PILOTO AUTOMÁTICO,SENSOR DE ESTACIONAMENTO,VIDROS ELÉTRICOS,VOLANTE AJUSTÁVEL,VOLANTE COMANDO MULTIMÍDIA;Particular;Belo Horizonte;29/11/2022
3433769;05/11/2022;67.900,00;1.0;Hyundai HB20;Quilometragem,Câmbio,Ano - Modelo,Portas,Combustível,Placa,Troca?,cor;35.500 Km,Manual,2021/2022,4,Bi-Combustível,RMR,Aceito Troca,Prata;ABS,AIR BAGS 2,ALARME,AR CONDICIONADO,AR QUENTE,ASSIST. PARTIDA EM RAMPA,BANCO AJUSTE ALTURA,CÂMBIO MANUAL,CENTRAL MULTIMIDIA,COMPUTADOR DE BORDO,CONTROLE ESTABILIDADE,DESEMBAÇADOR,DIREÇÃO ELÉTRICA,DIREÇÃO HIDRÁULICA,LIMPADOR TRASEIRO,MP3 / USB,RETROVISORES ELÉTRICOS,RODAS DE LIGA LEVE,SENSOR DE ESTACIONAMENTO,TRAVAS ELÉTRICAS,VIDROS ELÉTRICOS,VOLANTE AJUSTÁVEL,VOLANTE COMANDO MULTIMÍDIA;Particular;Belo Horizonte;29/11/2022
3545770;31/10/2022;95.900,00;1.6;Hyundai Creta;Quilometragem,Câmbio,Ano - Modelo,Portas,Combustível,Placa,Troca?,cor;23.780 Km,Automático,2019/2020,5,Bi-Combustível,QXJ,Não Aceita Troca,Preto;ABS,AIR BAGS 4,ALARME,AR CONDICIONADO,AR QUENTE,BANCO AJUSTE ALTURA,BANCOS DE COURO,CÂMBIO AUTOMÁTICO,CD / MP3,COMPUTADOR DE BORDO,DESEMBAÇADOR,DIREÇÃO HIDRÁULICA,LIMPADOR TRASEIRO,RETROVISORES ELÉTRICOS,RODAS DE LIGA LEVE,SENSOR DE ESTACIONAMENTO,TRAVAS ELÉTRICAS,VIDROS ELÉTRICOS,VOLANTE AJUSTÁVEL,VOLANTE COMANDO MULTIMÍDIA;Particular;Belo Horizonte;29/11/2022
3577395;27/11/2022;76.900,00;1.0;Hyundai HB20 S;Quilometragem,Câmbio,Ano - Modelo,Portas,Combustível,Placa,Troca?,cor;2.100 Km,Manual,2022/2022,4,Bi-Combustível,GGR,Aceito Troca,Branco;ALARME,AR CONDICIONADO,AR QUENTE,BANCO AJUSTE ALTURA,CÂMBIO MANUAL,CENTRAL MULTIMIDIA,COMPUTADOR DE BORDO,DIREÇÃO ELÉTRICA,RETROVISORES ELÉTRICOS,RODAS DE LIGA LEVE,SENSOR DE ESTACIONAMENTO,TRAVAS ELÉTRICAS,VIDROS ELÉTRICOS,VOLANTE AJUSTÁVEL,VOLANTE COMANDO MULTIMÍDIA;Particular;Belo Horizonte;29/11/2022
3386184;25/11/2022;72.300,00;1.0;Hyundai HB20;Quilometragem,Câmbio,Ano - Modelo,Portas,Combustível,Placa,Troca?,cor;37.200 Km,Manual,2021/2022,4,Bi-Combustível,RNO,Aceito Troca,Cinza;ABS,AIR BAGS 4,ALARME,AR CONDICIONADO,AR QUENTE,ASSIST. PARTIDA EM RAMPA,BANCO AJUSTE ALTURA,BANCOS DE COURO,CÂMBIO MANUAL,CÂMERA DE RÉ,CENTRAL MULTIMIDIA,COMPUTADOR DE BORDO,CONTROLE ESTABILIDADE,CONTROLE TRAÇÃO,DIREÇÃO ELÉTRICA,DIREÇÃO HIDRÁULICA,EBD,FARÓIS AUXILIARES,FARÓIS LED,RETROVISORES ELÉTRICOS,RODAS DE LIGA LEVE,SENSOR DE ESTACIONAMENTO,TRAVAS ELÉTRICAS,VIDROS ELÉTRICOS,VOLANTE AJUSTÁVEL,VOLANTE COMANDO MULTIMÍDIA;Particular;Belo Horizonte;29/11/2022
3575174;24/11/2022;78.000,00;1.0;Hyundai HB20;Quilometragem,Câmbio,Ano - Modelo,Portas,Combustível,Placa,Troca?,cor;22.000 Km,Automático,2020/2020,4,Bi-Combustível,RFF,Não Aceita Troca,Branco;ABS,ALARME,AR CONDICIONADO,AR QUENTE,AR-COND. DIGITAL,ASSIST. PARTIDA EM RAMPA,BANCO AJUSTE ALTURA,BANCOS DE COURO,CÂMBIO AUTOMÁTICO,CENTRAL MULTIMIDIA,COMPUTADOR DE BORDO,CONTROLE ESTABILIDADE,CONTROLE TRAÇÃO,DESEMBAÇADOR,DIREÇÃO ELÉTRICA,DIREÇÃO HIDRÁULICA,DVD,FARÓIS AUXILIARES,GPS,PILOTO AUTOMÁTICO,RETROVISORES ELÉTRICOS,RODAS DE LIGA LEVE,SENSOR DE ESTACIONAMENTO,TRAVAS ELÉTRICAS,TURBO,VIDROS ELÉTRICOS,VOLANTE AJUSTÁVEL,VOLANTE COMANDO MULTIMÍDIA;Particular;Belo Horizonte;29/11/2022
3574857;24/11/2022;78.000,00;1.6;Hyundai HB20 S;Quilometragem,Câmbio,Ano - Modelo,Portas,Combustível,Placa,Troca?,cor;23.598 Km,Automático,2020/2021,5,Bi-Combustível,RFU,Não Aceita Troca,Preto;ABS,AIR BAGS 4,ALARME,AR CONDICIONADO,AR QUENTE,ASSIST. PARTIDA EM RAMPA,BANCO AJUSTE ALTURA,CÂMBIO AUTOMÁTICO,CÂMERA DE RÉ,CENTRAL MULTIMIDIA,COMPUTADOR DE BORDO,CONTROLE ESTABILIDADE,DESEMBAÇADOR,DIREÇÃO ELÉTRICA,DIREÇÃO HIDRÁULICA,ENGATE,FARÓIS AUXILIARES,MP3 / USB,PILOTO AUTOMÁTICO,RETROVISORES ELÉTRICOS,SENSOR DE ESTACIONAMENTO,TRAVAS ELÉTRICAS,VIDROS ELÉTRICOS,VOLANTE COMANDO MULTIMÍDIA;Particular;Belo Horizonte;29/11/2022
3538050;23/11/2022;142.200,00;1.0;Hyundai Creta;Quilometragem,Câmbio,Ano - Modelo,Portas,Combustível,Placa,Troca?,cor;14.000 Km,Automático,2021/2022,4,Bi-Combustível,RTJ,Aceito Troca,Prata;ABS,ALARME,AR-COND. DIGITAL,ASSIST. PARTIDA EM RAMPA,BANCO AJUSTE ALTURA,BANCOS DE COURO,CÂMBIO AUTOMÁTICO,CÂMERA DE RÉ,CENTRAL MULTIMIDIA,COMPUTADOR DE BORDO,CONTROLE ESTABILIDADE,CONTROLE TRAÇÃO,DESEMBAÇADOR,DIREÇÃO ELÉTRICA,GPS,LIMPADOR TRASEIRO,PILOTO AUTOMÁTICO,RETROVISORES ELÉTRICOS,RODAS DE LIGA LEVE,SENSOR DE ESTACIONAMENTO,TETO-SOLAR,TRAVAS ELÉTRICAS,TURBO,VIDROS ELÉTRICOS,VOLANTE AJUSTÁVEL,VOLANTE COMANDO MULTIMÍDIA;Particular;Belo Horizonte;29/11/2022
3572590;22/11/2022;58.500,00;1.0;Hyundai HB20;Quilometragem,Câmbio,Ano - Modelo,Portas,Combustível,Placa,Troca?,cor;42.000 Km,Manual,2020/2021,5,Bi-Combustível,RFW,Aceito Troca,Prata;ABS,AIR BAGS 2,AR CONDICIONADO,AR QUENTE,BANCO AJUSTE ALTURA,CÂMBIO MANUAL,COMPUTADOR DE BORDO,DESEMBAÇADOR,DIREÇÃO ELÉTRICA,LIMPADOR TRASEIRO,MP3 / USB,TRAVAS ELÉTRICAS,VIDROS ELÉTRICOS,VOLANTE COMANDO MULTIMÍDIA;Particular;Belo Horizonte;29/11/2022
3339091;22/11/2022;69.900,00;1.0;Hyundai HB20 S;Quilometragem,Câmbio,Ano - Modelo,Portas,Combustível,Placa,Troca?,Leilão,cor;35.000 Km,Automático,2019/2020,4,Bi-Combustível,QXM,Aceito Troca,Proveniente de leilão,Preto;ABS,AIR BAGS 2,ALARME,AR CONDICIONADO,AR QUENTE,BANCO AJUSTE ALTURA,CÂMBIO AUTOMÁTICO,CD / MP3,COMPUTADOR DE BORDO,DESEMBAÇADOR,DIREÇÃO ELÉTRICA,DIREÇÃO HIDRÁULICA,FARÓIS AUXILIARES,LIMPADOR TRASEIRO,MP3 / USB,PILOTO AUTOMÁTICO,RETROVISORES ELÉTRICOS,RODAS DE LIGA LEVE,SENSOR DE ESTACIONAMENTO,TRAVAS ELÉTRICAS,TURBO,VIDROS ELÉTRICOS,VOLANTE AJUSTÁVEL,VOLANTE COMANDO MULTIMÍDIA;Particular;Belo Horizonte;29/11/2022
3571633;22/11/2022;94.500,00;1.0;Hyundai HB20 S;Quilometragem,Câmbio,Ano - Modelo,Portas,Combustível,Placa,Troca?,cor;6.500 Km,Automático,2022/2022,4,Bi-Combustível,RUS,Não Aceita Troca,Branco;ABS,ALARME,AR CONDICIONADO,AR QUENTE,ASSIST. PARTIDA EM RAMPA,BANCO AJUSTE ALTURA,BANCOS DE COURO,CÂMBIO AUTOMÁTICO,CÂMERA DE RÉ,CENTRAL MULTIMIDIA,COMPUTADOR DE BORDO,CONTROLE ESTABILIDADE,CONTROLE TRAÇÃO,DESEMBAÇADOR,DIREÇÃO ELÉTRICA,DIREÇÃO HIDRÁULICA,FARÓIS AUXILIARES,PILOTO AUTOMÁTICO,RETROVISORES ELÉTRICOS,RODAS DE LIGA LEVE,SENSOR DE ESTACIONAMENTO,TRAVAS ELÉTRICAS,TURBO,VIDROS ELÉTRICOS,VOLANTE AJUSTÁVEL,VOLANTE COMANDO MULTIMÍDIA;Particular;None;29/11/2022
3282013;21/11/2022;120.900,00;2.0;Hyundai Creta;Quilometragem,Câmbio,Ano - Modelo,Portas,Combustível,Placa,Troca?,cor;29.000 Km,Automático,2021/2021,4,Bi-Combustível,RMO,Aceito Troca,Prata;ABS,AIR BAGS 6,ALARME,AR CONDICIONADO,AR QUENTE,AR-COND. DIGITAL,ASSIST. PARTIDA EM RAMPA,BANCO AJUSTE ALTURA,BANCOS DE COURO,CÂMBIO AUTOMÁTICO,CD / MP3,CENTRAL MULTIMIDIA,COMPUTADOR DE BORDO,CONTROLE ESTABILIDADE,CONTROLE TRAÇÃO,DESEMBAÇADOR,DIREÇÃO ELÉTRICA,DVD,ENGATE,FARÓIS LED,GPS,LIMPADOR TRASEIRO,MP3 / USB,RETROVISORES ELÉTRICOS,RODAS DE LIGA LEVE,SENSOR DE ESTACIONAMENTO,TRAVAS ELÉTRICAS,VIDROS ELÉTRICOS,VOLANTE AJUSTÁVEL,VOLANTE COMANDO MULTIMÍDIA;Particular;Belo Horizonte;29/11/2022
3578843;29/11/2022;81.499,00;1.0;Hyundai HB20;Quilometragem,Câmbio,Ano - Modelo,Portas,Combustível,Placa,Troca?,cor;35.800 Km,Automático,2020/2020,4,Bi-Combustível,CCU,Aceito Troca,Vermelho;ABS,AIR BAGS 1,AIR BAGS 2,BANCOS DE COURO,CÂMBIO AUTOMÁTICO,MP3 / USB,RODAS DE LIGA LEVE;Profissional;Avenida Afonso Vaz de Melo, 640 ViaShopping Barreiro - Torre b - G6, Barreiro, Belo Horizonte - 30640-070;29/11/2022
3578696;29/11/2022;98.990,00;1.6;Hyundai Creta;Quilometragem,Câmbio,Ano - Modelo,Portas,Combustível,Placa,Troca?,cor;26.000 Km,Automático,2021/2022,4,Bi-Combustível,RNT,Aceito Troca,Branco;CÂMBIO AUTOMÁTICO;Profissional;Av. Cristiano Machado, 2020, Cidade Nova, Belo Horizonte - 31170-184;29/11/2022
3509079;28/11/2022;73.890,00;1.0;Hyundai HB20;Quilometragem,Câmbio,Ano - Modelo,Portas,Combustível,Placa,Troca?,cor;4.000 Km,Manual,2021/2022,4,Bi-Combustível,RIZ,Aceito Troca,Prata;ABS,ALARME,AR QUENTE,AR-COND. DIGITAL,BANCO AJUSTE ALTURA,CÂMBIO MANUAL,CÂMERA DE RÉ,CENTRAL MULTIMIDIA,COMPUTADOR DE BORDO,DESEMBAÇADOR,DIREÇÃO ELÉTRICA,FARÓIS AUXILIARES,LIMPADOR TRASEIRO,RODAS DE LIGA LEVE,VIDROS ELÉTRICOS,VOLANTE AJUSTÁVEL,VOLANTE COMANDO MULTIMÍDIA;Profissional;Rua Jacui, 3742, Ipiranga, Belo Horizonte - 31160-190;29/11/2022
3577654;28/11/2022;79.990,00;1.0;Hyundai HB20 S;Quilometragem,Câmbio,Ano - Modelo,Portas,Combustível,Placa,Troca?,cor;57.393 Km,Automático,2020/2020,4,Bi-Combustível,QXX,Aceito Troca,Branco;ABS,AIR BAGS 1,AIR BAGS 2,ALARME,AR CONDICIONADO,AR QUENTE,CÂMBIO AUTOMÁTICO,DIREÇÃO HIDRÁULICA,GPS,LIMPADOR TRASEIRO,RETROVISORES ELÉTRICOS,RODAS DE LIGA LEVE,SENSOR DE ESTACIONAMENTO,TRAÇÃO 4x4,TRAVAS ELÉTRICAS,VIDROS ELÉTRICOS,VOLANTE COMANDO MULTIMÍDIA;Profissional;Rua Tres Mil Cento e Trinta e Tres, 200, Liberdade, Belo Horizonte - 31270-222;29/11/2022
3578120;28/11/2022;91.900,00;1.6;Hyundai Creta;Quilometragem,Câmbio,Ano - Modelo,Portas,Combustível,Placa,Troca?,cor;30.000 Km,Automático,2019/2020,4,Bi-Combustível,QXD,Aceito Troca,Cinza;ABS,AIR BAGS 2,ALARME,AR CONDICIONADO,AR QUENTE,ASSIST. PARTIDA EM RAMPA,BANCO AJUSTE ALTURA,CÂMBIO AUTOMÁTICO,CÂMERA DE RÉ,CD / MP3,CENTRAL MULTIMIDIA,COMPUTADOR DE BORDO,DESEMBAÇADOR,DIREÇÃO ELÉTRICA,DIREÇÃO HIDRÁULICA,FARÓIS AUXILIARES,LIMPADOR TRASEIRO,MP3 / USB,PILOTO AUTOMÁTICO,RETROVISORES ELÉTRICOS,RODAS DE LIGA LEVE,TRAVAS ELÉTRICAS,VIDROS ELÉTRICOS,VOLANTE AJUSTÁVEL,VOLANTE COMANDO MULTIMÍDIA;Profissional;Avenida Doutor Cristiano Guimaraes, 2082, Planalto, Belo Horizonte - 31720-300;29/11/2022
3578353;28/11/2022;126.990,00;1.0;Hyundai Creta;Quilometragem,Câmbio,Ano - Modelo,Portas,Combustível,Placa,Troca?,cor;10.275 Km,Automático,2022/2022,4,Bi-Combustível,RTQ,Aceito Troca,Azul;ABS,AIR BAGS 1,AIR BAGS 2,ALARME,AR QUENTE,AR-COND. DIGITAL,BANCO AJUSTE ALTURA,CÂMBIO AUTOMÁTICO,CÂMERA DE RÉ,CENTRAL MULTIMIDIA,COMPUTADOR DE BORDO,CONTROLE TRAÇÃO,DESEMBAÇADOR,DIREÇÃO ELÉTRICA,LIMPADOR TRASEIRO,MP3 / USB,RETROVISORES ELÉTRICOS,RODAS DE LIGA LEVE,SENSOR DE ESTACIONAMENTO,TRAVAS ELÉTRICAS,VIDROS ELÉTRICOS,VOLANTE AJUSTÁVEL,VOLANTE COMANDO MULTIMÍDIA;Profissional;AVENIDA AMAZONAS , 1518, Santo Agostinho, Belo Horizonte - 30170-044;29/11/2022
3507970;27/11/2022;66.900,00;1.0;Hyundai HB20;Quilometragem,Câmbio,Ano - Modelo,Portas,Combustível,Placa,Troca?,cor;31.000 Km,Manual,2021/2022,4,Bi-Combustível,RMR,Aceito Troca,Prata;ABS,AIR BAGS 2,ALARME,AR CONDICIONADO,AR QUENTE,CÂMBIO MANUAL,CD / MP3,CENTRAL MULTIMIDIA,COMPUTADOR DE BORDO,DESEMBAÇADOR,DIREÇÃO ELÉTRICA,DIREÇÃO HIDRÁULICA,LIMPADOR TRASEIRO,MP3 / USB,RODAS DE LIGA LEVE,SENSOR DE ESTACIONAMENTO,TRAVAS ELÉTRICAS,VIDROS ELÉTRICOS,VOLANTE AJUSTÁVEL,VOLANTE COMANDO MULTIMÍDIA;Profissional;Rua Dom Prudencio Gomes , 281, Coracao Eucaristico, Belo Horizonte - 30535-580;29/11/2022
3508190;27/11/2022;88.800,00;1.0;Hyundai HB20 S;Quilometragem,Câmbio,Ano - Modelo,Portas,Combustível,Placa,Troca?,cor;27.500 Km,Automático,2021/2022,4,Bi-Combustível,RHF,Aceito Troca,Branco;ABS,AIR BAGS 2,ALARME,AR CONDICIONADO,AR QUENTE,CÂMBIO AUTOMÁTICO,CENTRAL MULTIMIDIA,DESEMBAÇADOR,DIREÇÃO HIDRÁULICA,RODAS DE LIGA LEVE,TRAVAS ELÉTRICAS,VIDROS ELÉTRICOS;Profissional;Rua Rio Comprido, 1927, Riacho das Pedras, Contagem - 32280-070;29/11/2022
3541614;26/11/2022;59.900,00;1.0;Hyundai HB20;Quilometragem,Câmbio,Ano - Modelo,Portas,Combustível,Placa,Troca?,cor;Não informada,Manual,2020/2020,4,Bi-Combustível,QXP,Aceito Troca,Branco;ALARME,AR CONDICIONADO,AR QUENTE,CÂMBIO MANUAL,DIREÇÃO HIDRÁULICA,TRAVAS ELÉTRICAS,VIDROS ELÉTRICOS;Profissional;Avenida Babita Camargos , 1295, Cidade industrial, Contagem - 31615-250;29/11/2022
3541915;26/11/2022;88.900,00;1.0;Hyundai HB20;Quilometragem,Câmbio,Ano - Modelo,Portas,Combustível,Placa,Troca?,cor;17.577 Km,Automático,2021/2022,4,Bi-Combustível,RNB,Aceito Troca,Prata;ABS,AIR BAGS 4,ALARME,AR QUENTE,AR-COND. DIGITAL,ASSIST. PARTIDA EM RAMPA,BANCO AJUSTE ALTURA,CÂMBIO AUTOMÁTICO,CÂMERA DE RÉ,CENTRAL MULTIMIDIA,COMPUTADOR DE BORDO,CONTROLE ESTABILIDADE,CONTROLE TRAÇÃO,DESEMBAÇADOR,DIREÇÃO ELÉTRICA,EBD,FARÓIS AUXILIARES,LIMPADOR TRASEIRO,MP3 / USB,PILOTO AUTOMÁTICO,RETROVISORES ELÉTRICOS,RODAS DE LIGA LEVE,SENSOR DE ESTACIONAMENTO,TRAVAS ELÉTRICAS,TURBO,VIDROS ELÉTRICOS,VOLANTE AJUSTÁVEL,VOLANTE COMANDO MULTIMÍDIA;Profissional;Rua Espirito Santo, 1573, Lourdes, Belo Horizonte - 30160-031;29/11/2022
3541487;26/11/2022;83.900,00;1.0;Hyundai HB20 S;Quilometragem,Câmbio,Ano - Modelo,Portas,Combustível,Placa,Troca?,cor;27.069 Km,Automático,2020/2020,4,Bi-Combustível,RFD,Aceito Troca,Preto;ABS,AIR BAGS 1,AIR BAGS 2,ALARME,AR CONDICIONADO,AR QUENTE,ASSIST. PARTIDA EM RAMPA,BANCO AJUSTE ALTURA,BANCOS DE COURO,CÂMBIO AUTOMÁTICO,CÂMERA DE RÉ,COMPUTADOR DE BORDO,CONTROLE ESTABILIDADE,DESEMBAÇADOR,DIREÇÃO HIDRÁULICA,MP3 / USB,RETROVISORES ELÉTRICOS,RODAS DE LIGA LEVE,SENSOR DE ESTACIONAMENTO,TRAVAS ELÉTRICAS,VIDROS ELÉTRICOS,VOLANTE AJUSTÁVEL;Profissional;Av Barao Homem de Melo, 3535, Estoril, Belo Horizonte - 30494-275;29/11/2022
3541802;26/11/2022;59.900,00;1.0;Hyundai HB20 S;Quilometragem,Câmbio,Ano - Modelo,Portas,Combustível,Placa,Troca?,cor;75.000 Km,Manual,2019/2020,4,Bi-Combustível,QXA,Aceito Troca,Preto;AIR BAGS 3,ALARME,AR CONDICIONADO,AR QUENTE,CÂMBIO MANUAL,CENTRAL MULTIMIDIA,DIREÇÃO HIDRÁULICA,LIMPADOR TRASEIRO,RETROVISORES ELÉTRICOS,TRAVAS ELÉTRICAS,VIDROS ELÉTRICOS,VOLANTE AJUSTÁVEL;Profissional;Alberto Cintra, 161, União, Belo Horizonte - 31160-370;29/11/2022
3577335;26/11/2022;85.700,00;1.6;Hyundai HB20 X;Quilometragem,Câmbio,Ano - Modelo,Portas,Combustível,Placa,Troca?,cor;45.510 Km,Automático,2021/2022,4,Bi-Combustível,RNW,Aceito Troca,Prata;ABS,AIR BAGS 2,AR QUENTE,AR-COND. DIGITAL,CÂMBIO AUTOMÁTICO,CENTRAL MULTIMIDIA,COMPUTADOR DE BORDO,CONTROLE ESTABILIDADE,CONTROLE TRAÇÃO,DESEMBAÇADOR,DIREÇÃO ELÉTRICA,DIREÇÃO HIDRÁULICA,EBD,FARÓIS AUXILIARES,GPS,RETROVISORES ELÉTRICOS,RODAS DE LIGA LEVE,SENSOR DE ESTACIONAMENTO,TRAVAS ELÉTRICAS,VIDROS ELÉTRICOS,VOLANTE AJUSTÁVEL,VOLANTE COMANDO MULTIMÍDIA;Profissional;Av Tereza Cristina, 2960, Padre Eustaquio, Belo Horizonte - 30720-230;29/11/2022
3540706;25/11/2022;58.900,00;1.0;Hyundai HB20;Quilometragem,Câmbio,Ano - Modelo,Portas,Combustível,Placa,Troca?,cor;41.128 Km,Manual,2020/2021,4,Bi-Combustível,RMJ,Aceito Troca,Prata;ABS,AIR BAGS 2,AR CONDICIONADO,CÂMBIO MANUAL,COMPUTADOR DE BORDO,DESEMBAÇADOR,DIREÇÃO HIDRÁULICA,LIMPADOR TRASEIRO,TRAVAS ELÉTRICAS,VIDROS ELÉTRICOS;Profissional;Avenida dos Andradas, 4004, Pompéia, Belo Horizonte - 30280-020;29/11/2022
3575564;25/11/2022;61.900,00;1.0;Hyundai HB20;Quilometragem,Câmbio,Ano - Modelo,Portas,Combustível,Placa,Troca?,cor;49.000 Km,Manual,2020/2021,4,Bi-Combustível,RFP,Aceito Troca,Cinza;ABS,AIR BAGS 4,ALARME,AR CONDICIONADO,AR QUENTE,ASSIST. PARTIDA EM RAMPA,BANCO AJUSTE ALTURA,CÂMBIO MANUAL,COMPUTADOR DE BORDO,CONTROLE ESTABILIDADE,CONTROLE TRAÇÃO,DESEMBAÇADOR,DIREÇÃO ELÉTRICA,LIMPADOR TRASEIRO,MP3 / USB,TRAVAS ELÉTRICAS,VIDROS ELÉTRICOS,VOLANTE COMANDO MULTIMÍDIA;Profissional;Rua Conde de Prados, 513, Padre Eustáquio, Belo Horizonte - 30720-150;29/11/2022
3576111;25/11/2022;64.990,00;1.0;Hyundai HB20 S;Quilometragem,Câmbio,Ano - Modelo,Portas,Combustível,Placa,Troca?,cor;Não informada,Manual,2019/2020,4,Bi-Combustível,QXD,Aceito Troca,Branco;ABS,AIR BAGS 2,ALARME,AR CONDICIONADO,AR QUENTE,CÂMBIO MANUAL,CENTRAL MULTIMIDIA,COMPUTADOR DE BORDO,DIREÇÃO HIDRÁULICA,MP3 / USB,SENSOR DE ESTACIONAMENTO,TRAVAS ELÉTRICAS,VIDROS ELÉTRICOS,VOLANTE AJUSTÁVEL,VOLANTE COMANDO MULTIMÍDIA;Profissional;Av. Olimpio Garcia, 1055, Eldorado, Contagem - 32315-140;29/11/2022
3446525;24/11/2022;70.990,00;1.0;Hyundai HB20;Quilometragem,Câmbio,Ano - Modelo,Portas,Combustível,Placa,Troca?,cor;65.141 Km,Manual,2021/2022,4,Bi-Combustível,RMR,Aceito Troca,Branco;CÂMBIO MANUAL;Profissional;Av Pres Antonio Carlos, 4303, Lagoinha, Belo Horizonte - 31210-800;29/11/2022
3475846;24/11/2022;93.900,00;Pulse;Hyundai Creta;Quilometragem,Câmbio,Ano - Modelo,Portas,Combustível,Placa,Troca?,cor;29.000 Km,Automático,2019/2020,4,Bi-Combustível,QUX,Aceito Troca,Branco;ABS,AIR BAGS 4,ALARME,AR CONDICIONADO,AR QUENTE,BANCO AJUSTE ALTURA,BANCOS DE COURO,CÂMBIO AUTOMÁTICO,CÂMERA DE RÉ,CD / MP3,CENTRAL MULTIMIDIA,COMPUTADOR DE BORDO,DESEMBAÇADOR,DIREÇÃO ELÉTRICA,LIMPADOR TRASEIRO,MP3 / USB,RETROVISORES ELÉTRICOS,TRAVAS ELÉTRICAS,VIDROS ELÉTRICOS,VOLANTE AJUSTÁVEL,VOLANTE COMANDO MULTIMÍDIA;Profissional;Av. Dom Pedro II , 1793, Carlos Prates, Belo Horizonte - 30710-010;29/11/2022
3473856;23/11/2022;63.900,00;1.0;Hyundai HB20;Quilometragem,Câmbio,Ano - Modelo,Portas,Combustível,Placa,Troca?,cor;48.000 Km,Manual,2021/2021,4,Bi-Combustível,RFI,Aceito Troca,Prata;ABS,AIR BAGS 2,AR CONDICIONADO,AR QUENTE,CÂMBIO MANUAL,COMPUTADOR DE BORDO,DIREÇÃO HIDRÁULICA,TRAVAS ELÉTRICAS,VIDROS ELÉTRICOS;Profissional;Av Cristiano Machado, 2661, Ipiranga, Belo Horizonte - 31160-243;29/11/2022
3536673;23/11/2022;62.900,00;1.0;Hyundai HB20;Quilometragem,Câmbio,Ano - Modelo,Portas,Combustível,Placa,Troca?,cor;89.697 Km,Manual,2020/2021,4,Bi-Combustível,RMH,Aceito Troca,Preto;ABS,AIR BAGS 2,ALARME,AR CONDICIONADO,AR QUENTE,BANCO AJUSTE ALTURA,CÂMBIO MANUAL,COMPUTADOR DE BORDO,DESEMBAÇADOR,DIREÇÃO HIDRÁULICA,LIMPADOR TRASEIRO,MP3 / USB,TRAVAS ELÉTRICAS,VIDROS ELÉTRICOS,VOLANTE AJUSTÁVEL,VOLANTE COMANDO MULTIMÍDIA;Profissional;Avenida Cristiano Machado, 2940, Uniao, Belo Horizonte - 31160-372;29/11/2022
