3545129;29/11/2022;120.500,00;1.4;Audi Q3;Quilometragem,Câmbio,Ano - Modelo,Portas,Combustível,Placa,Troca?,cor;63.000 Km,Automático,2016/2017,5,Gasolina,PZD,Não Aceita Troca,Cinza;ABS,ALARME,AR QUENTE,AR-COND. DIGITAL,ASSIST. PARTIDA EM RAMPA,BANCO AJUSTE ALTURA,BANCOS DE COURO,CÂMBIO AUTOMÁTICO,CD / MP3,COMPUTADOR DE BORDO,CONTROLE ESTABILIDADE,CONTROLE TRAÇÃO,DESEMBAÇADOR,DIREÇÃO ELÉTRICA,FARÓIS LED,LIMPADOR TRASEIRO,PILOTO AUTOMÁTICO,RETROVISORES ELÉTRICOS,RODAS DE LIGA LEVE,SENSOR DE ESTACIONAMENTO,TETO-SOLAR,TRAVAS ELÉTRICAS,TURBO,VIDROS ELÉTRICOS,VOLANTE AJUSTÁVEL,VOLANTE COMANDO MULTIMÍDIA;Particular;Belo Horizonte;29/11/2022
3020864;28/11/2022;99.000,00;1.8;Audi A5;Quilometragem,Câmbio,Ano - Modelo,Portas,Combustível,Placa,Troca?,cor;103.000 Km,Automático,2015/2016,5,Gasolina,PWT,Aceito Troca,Cinza;ABS,AIR BAGS 7,ALARME,AR CONDICIONADO,AR QUENTE,AR-COND. DIGITAL,ASSIST. PARTIDA EM RAMPA,BANCO AJUSTE ALTURA,BANCOS DE COURO,CÂMBIO AUTOMÁTICO,CENTRAL MULTIMIDIA,COMPUTADOR DE BORDO,CONTROLE ESTABILIDADE,CONTROLE TRAÇÃO,DESEMBAÇADOR,DIREÇÃO ELÉTRICA,DIREÇÃO HIDRÁULICA,DVD,EBD,FARÓIS AUXILIARES,FAROL XENÔNIO,GPS,PILOTO AUTOMÁTICO,RETROVISORES ELÉTRICOS,RODAS DE LIGA LEVE,SENSOR DE ESTACIONAMENTO,TETO-SOLAR,TRAVAS ELÉTRICAS,TURBO,VIDROS ELÉTRICOS,VOLANTE AJUSTÁVEL,VOLANTE COMANDO MULTIMÍDIA;Particular;Itauna;29/11/2022
3237552;25/11/2022;110.000,00;1.4;Audi A3 Sedan;Quilometragem,Câmbio,Ano - Modelo,Portas,Combustível,Placa,Troca?,Leilão,cor;49.000 Km,Automático,2018/2018,4,Bi-Combustível,LMP,Aceito Troca,Proveniente de leilão,Preto;ABS,ALARME,AR CONDICIONADO,AR QUENTE,ASSIST. PARTIDA EM RAMPA,BANCO AJUSTE ALTURA,CÂMBIO AUTOMÁTICO,CD / MP3,CENTRAL MULTIMIDIA,COMPUTADOR DE BORDO,CONTROLE ESTABILIDADE,CONTROLE TRAÇÃO,DESEMBAÇADOR,DIREÇÃO ELÉTRICA,ENGATE,FAROL XENÔNIO,MP3 / USB,RETROVISORES ELÉTRICOS,RODAS DE LIGA LEVE,TRAVAS ELÉTRICAS,TURBO,VIDROS ELÉTRICOS,VOLANTE AJUSTÁVEL,VOLANTE COMANDO MULTIMÍDIA;Particular;Belo Horizonte;29/11/2022
3456393;14/11/2022;113.900,00;1.4;Audi Q3;Quilometragem,Câmbio,Ano - Modelo,Portas,Combustível,Placa,Troca?,cor;68.000 Km,Automático,2016/2017,4,Gasolina,PYE,Aceito Troca,Cinza;ABS,ALARME,AR CONDICIONADO,AR QUENTE,BANCO AJUSTE ALTURA,BANCOS DE COURO,CÂMBIO AUTOMÁTICO,CD / MP3,COMPUTADOR DE BORDO,CONTROLE ESTABILIDADE,CONTROLE TRAÇÃO,DIREÇÃO HIDRÁULICA,FARÓIS AUXILIARES,FARÓIS LED,LIMPADOR TRASEIRO,MP3 / USB,PILOTO AUTOMÁTICO,RETROVISORES ELÉTRICOS,SENSOR DE ESTACIONAMENTO,TRAVAS ELÉTRICAS,VIDROS ELÉTRICOS,VOLANTE AJUSTÁVEL,VOLANTE COMANDO MULTIMÍDIA;Particular;Belo Horizonte;29/11/2022
3489386;08/11/2022;305.000,00;3.0;Audi Q7;Quilometragem,Câmbio,Ano - Modelo,Portas,Combustível,Placa,Troca?,cor;39.000 Km,Automático,2018/2018,4,Diesel,QLE,Aceito Troca,Preto;7 LUGARES,ABS,AIR BAGS 5,ALARME,AR CONDICIONADO,AR QUENTE,AR-COND. DIGITAL,ASSIST. PARTIDA EM RAMPA,AWD,BANCO AJUSTE ALTURA,BANCOS DE COURO,CÂMBIO AUTOMÁTICO,CÂMERA DE RÉ,CENTRAL MULTIMIDIA,COMPUTADOR DE BORDO,CONTROLE ESTABILIDADE,CONTROLE TRAÇÃO,DESEMBAÇADOR,DIREÇÃO ELÉTRICA,DVD,EBD,ENGATE,FARÓIS AUXILIARES,FARÓIS LED,GPS,LIMPADOR TRASEIRO,MP3 / USB,PILOTO AUTOMÁTICO,RETROVISORES ELÉTRICOS,RODAS DE LIGA LEVE,SENSOR DE ESTACIONAMENTO,TETO-SOLAR,TRAÇÃO 4x4,TRAVAS ELÉTRICAS,TURBO,VIDROS ELÉTRICOS,VOLANTE AJUSTÁVEL,VOLANTE COMANDO MULTIMÍDIA;Particular;Belo Horizonte;29/11/2022
3369649;07/11/2022;136.000,00;1.4;Audi Q3;Quilometragem,Câmbio,Ano - Modelo,Portas,Combustível,Placa,Troca?,cor;52.000 Km,Automático,2018/2018,4,Bi-Combustível,QPD,Aceito Troca,Cinza;ABS,AIR BAGS 8,ALARME,AR CONDICIONADO,AR QUENTE,AR-COND. DIGITAL,ASSIST. PARTIDA EM RAMPA,BANCO AJUSTE ALTURA,BANCOS DE COURO,CÂMBIO AUTOMÁTICO,CÂMERA DE RÉ,CD / MP3,CENTRAL MULTIMIDIA,COMPUTADOR DE BORDO,CONTROLE ESTABILIDADE,CONTROLE TRAÇÃO,DESEMBAÇADOR,DIREÇÃO ELÉTRICA,DIREÇÃO HIDRÁULICA,FARÓIS AUXILIARES,FARÓIS LED,FAROL XENÔNIO,GPS,LIMPADOR TRASEIRO,MP3 / USB,PILOTO AUTOMÁTICO,RETROVISORES ELÉTRICOS,RODAS DE LIGA LEVE,SENSOR DE ESTACIONAMENTO,TRAVAS ELÉTRICAS,VIDROS ELÉTRICOS,VOLANTE AJUSTÁVEL,VOLANTE COMANDO MULTIMÍDIA;Particular;Belo Horizonte;29/11/2022
3048448;07/11/2022;228.000,00;2.0;Audi A5;Quilometragem,Câmbio,Ano - Modelo,Portas,Combustível,Placa,Troca?,cor;36.000 Km,Automatizado,2018/2018,5,Gasolina,QPM,Não Aceita Troca,Cinza;AR-COND. DIGITAL,ASSIST. PARTIDA EM RAMPA,AWD,BANCO AJUSTE ALTURA,CÂMBIO AUTOMATIZADO,CÂMERA DE RÉ,CENTRAL MULTIMIDIA,CONTROLE ESTABILIDADE,CONTROLE TRAÇÃO,FARÓIS LED,GPS,RODAS DE LIGA LEVE,TETO-SOLAR,TRAÇÃO 4x4,TURBO;Particular;Belo Horizonte;29/11/2022
3205011;06/11/2022;139.900,00;2.0;Audi A4;Quilometragem,Câmbio,Ano - Modelo,Portas,Combustível,Placa,Troca?,cor;80.000 Km,Automático,2015/2016,4,Gasolina,IXE,Aceito Troca,Azul;ABS,ALARME,AR CONDICIONADO,AR QUENTE,AR-COND. DIGITAL,ASSIST. PARTIDA EM RAMPA,BANCO AJUSTE ALTURA,BANCOS DE COURO,CÂMBIO AUTOMÁTICO,CD / MP3,CENTRAL MULTIMIDIA,COMPUTADOR DE BORDO,CONTROLE ESTABILIDADE,CONTROLE TRAÇÃO,DESEMBAÇADOR,DIREÇÃO ELÉTRICA,DIREÇÃO HIDRÁULICA,DVD,EBD,FARÓIS AUXILIARES,FARÓIS LED,FAROL XENÔNIO,GPS,MP3 / USB,PILOTO AUTOMÁTICO,RETROVISORES ELÉTRICOS,RODAS DE LIGA LEVE,SENSOR DE ESTACIONAMENTO,TETO-SOLAR,TRAVAS ELÉTRICAS,TURBO,VIDROS ELÉTRICOS,VOLANTE AJUSTÁVEL,VOLANTE COMANDO MULTIMÍDIA;Particular;Manhuacu;29/11/2022
3573191;23/11/2022;128.500,00;1.4;Audi Q3;Quilometragem,Câmbio,Ano - Modelo,Portas,Combustível,Placa,Troca?,cor;53.000 Km,Automático,2017/2018,4,Bi-Combustível,QMT,Aceito Troca,Preto;ABS,ALARME,AR CONDICIONADO,AR QUENTE,AR-COND. DIGITAL,ASSIST. PARTIDA EM RAMPA,BANCO AJUSTE ALTURA,BANCOS DE COURO,CÂMBIO AUTOMÁTICO,CÂMERA DE RÉ,CENTRAL MULTIMIDIA,COMPUTADOR DE BORDO,CONTROLE ESTABILIDADE,CONTROLE TRAÇÃO,DESEMBAÇADOR,DIREÇÃO ELÉTRICA,DIREÇÃO HIDRÁULICA,FARÓIS AUXILIARES,FARÓIS LED,FAROL XENÔNIO,GPS,LIMPADOR TRASEIRO,MP3 / USB,PILOTO AUTOMÁTICO,RETROVISORES ELÉTRICOS,RODAS DE LIGA LEVE,SENSOR DE ESTACIONAMENTO,TRAVAS ELÉTRICAS,TURBO,VIDROS ELÉTRICOS,VOLANTE AJUSTÁVEL,VOLANTE COMANDO MULTIMÍDIA;Particular;Belo Horizonte;29/11/2022
3508180;22/11/2022;111.900,00;1.4;Audi Q3;Quilometragem,Câmbio,Ano - Modelo,Portas,Combustível,Placa,Troca?,cor;62.000 Km,Automático,2016/2017,5,Gasolina,PZM,Não Aceita Troca,Preto;ALARME,AR CONDICIONADO,BANCO AJUSTE ALTURA,BANCOS DE COURO,CÂMBIO AUTOMÁTICO,CENTRAL MULTIMIDIA,COMPUTADOR DE BORDO,LIMPADOR TRASEIRO,RETROVISORES ELÉTRICOS,SENSOR DE ESTACIONAMENTO,TETO-SOLAR,TRAVAS ELÉTRICAS,VIDROS ELÉTRICOS,VOLANTE AJUSTÁVEL,VOLANTE COMANDO MULTIMÍDIA;Particular;Belo Horizonte;29/11/2022
3502560;18/11/2022;86.000,00;1.4;Audi A3 Sedan;Quilometragem,Câmbio,Ano - Modelo,Portas,Combustível,Placa,Troca?,cor;49.000 Km,Automático,2015/2016,4,Bi-Combustível,FYS,Não Aceita Troca,Preto;ALARME,AR CONDICIONADO,AR QUENTE,BANCOS DE COURO,CÂMBIO AUTOMÁTICO,DIREÇÃO HIDRÁULICA,TRAVAS ELÉTRICAS,VIDROS ELÉTRICOS;Particular;Belo Horizonte;29/11/2022
3380514;04/11/2022;98.690,00;1.4;Audi A3 Sedan;Quilometragem,Câmbio,Ano - Modelo,Portas,Combustível,Placa,Troca?,cor;53.000 Km,Automático,2017/2017,4,Bi-Combustível,PZT,Não Aceita Troca,Cinza;ABS,AIR BAGS 6,ALARME,AR CONDICIONADO,AR QUENTE,ASSIST. PARTIDA EM RAMPA,BANCO AJUSTE ALTURA,CÂMBIO AUTOMÁTICO,CD / MP3,CENTRAL MULTIMIDIA,COMPUTADOR DE BORDO,DIREÇÃO ELÉTRICA,FARÓIS AUXILIARES,FARÓIS LED,MP3 / USB,RETROVISORES ELÉTRICOS,RODAS DE LIGA LEVE,SENSOR DE ESTACIONAMENTO,TRAVAS ELÉTRICAS,TURBO,VIDROS ELÉTRICOS,VOLANTE AJUSTÁVEL,VOLANTE COMANDO MULTIMÍDIA;Particular;Belo Horizonte;29/11/2022
3546900;02/11/2022;98.000,00;1.4;Audi A3;Quilometragem,Câmbio,Ano - Modelo,Portas,Combustível,Placa,Troca?,cor;69.000 Km,Automático,2015/2016,4,Gasolina,PXH,Não Aceita Troca,Preto;ABS,AIR BAGS 6,ALARME,AR QUENTE,AR-COND. DIGITAL,ASSIST. PARTIDA EM RAMPA,BANCO AJUSTE ALTURA,BANCOS DE COURO,CÂMBIO AUTOMÁTICO,CÂMERA DE RÉ,CENTRAL MULTIMIDIA,COMPUTADOR DE BORDO,CONTROLE ESTABILIDADE,CONTROLE TRAÇÃO,DESEMBAÇADOR,DIREÇÃO HIDRÁULICA,FARÓIS AUXILIARES,FARÓIS LED,LIMPADOR TRASEIRO,MP3 / USB,RODAS DE LIGA LEVE,SENSOR DE ESTACIONAMENTO,TRAVAS ELÉTRICAS,VIDROS ELÉTRICOS,VOLANTE AJUSTÁVEL,VOLANTE COMANDO MULTIMÍDIA;Particular;Mateus Leme;29/11/2022
3479104;02/11/2022;80.000,00;1.4;Audi A3 Sedan;Quilometragem,Câmbio,Ano - Modelo,Portas,Combustível,Placa,Troca?,cor;96.000 Km,Automático,2015/2016,4,Bi-Combustível,PYB,Não Aceita Troca,Preto;ABS,ALARME,AR CONDICIONADO,AR QUENTE,AR-COND. DIGITAL,BANCO AJUSTE ALTURA,BANCOS DE COURO,CÂMBIO AUTOMÁTICO,CD / MP3,CENTRAL MULTIMIDIA,COMPUTADOR DE BORDO,CONTROLE ESTABILIDADE,DESEMBAÇADOR,DIREÇÃO ELÉTRICA,FARÓIS LED,FAROL XENÔNIO,RETROVISORES ELÉTRICOS,RODAS DE LIGA LEVE,SENSOR DE ESTACIONAMENTO,TRAVAS ELÉTRICAS,TURBO,VIDROS ELÉTRICOS,VOLANTE AJUSTÁVEL,VOLANTE COMANDO MULTIMÍDIA;Particular;Belo Horizonte;29/11/2022
3478895;25/11/2022;219.000,00;2.0;Audi Q5;Quilometragem,Câmbio,Ano - Modelo,Portas,Combustível,Placa,Troca?,cor;57.500 Km,Automático,2017/2018,4,Gasolina,GBL,Não Aceita Troca,Azul;ABS,AIR BAGS 6,ALARME,AR CONDICIONADO,AR QUENTE,AR-COND. DIGITAL,ASSIST. PARTIDA EM RAMPA,AWD,BANCO AJUSTE ALTURA,BANCOS DE COURO,CÂMBIO AUTOMÁTICO,CÂMERA DE RÉ,CENTRAL MULTIMIDIA,COMPUTADOR DE BORDO,CONTROLE ESTABILIDADE,CONTROLE TRAÇÃO,DESEMBAÇADOR,DIREÇÃO ELÉTRICA,DIREÇÃO HIDRÁULICA,EBD,ENGATE,FARÓIS AUXILIARES,FARÓIS LED,GPS,LIMPADOR TRASEIRO,MP3 / USB,PILOTO AUTOMÁTICO,RETROVISORES ELÉTRICOS,RODAS DE LIGA LEVE,SENSOR DE ESTACIONAMENTO,TETO-SOLAR,TRAÇÃO 4x4,TRAVAS ELÉTRICAS,TURBO,VIDROS ELÉTRICOS,VOLANTE AJUSTÁVEL,VOLANTE COMANDO MULTIMÍDIA;Particular;Belo Horizonte;29/11/2022
3327745;07/11/2022;140.900,00;1.4;Audi Q3;Quilometragem,Câmbio,Ano - Modelo,Portas,Combustível,Placa,Troca?,cor;62.000 Km,Automático,2018/2018,4,Bi-Combustível,QOI,Não Aceita Troca,Branco;ABS,AIR BAGS 4,ALARME,AR CONDICIONADO,AR QUENTE,ASSIST. PARTIDA EM RAMPA,BANCO AJUSTE ALTURA,BANCOS DE COURO,CÂMBIO AUTOMÁTICO,CÂMERA DE RÉ,CENTRAL MULTIMIDIA,COMPUTADOR DE BORDO,CONTROLE ESTABILIDADE,CONTROLE TRAÇÃO,DESEMBAÇADOR,DIREÇÃO HIDRÁULICA,FARÓIS AUXILIARES,LIMPADOR TRASEIRO,PILOTO AUTOMÁTICO,RETROVISORES ELÉTRICOS,RODAS DE LIGA LEVE,SENSOR DE ESTACIONAMENTO,TRAVAS ELÉTRICAS,TURBO,VIDROS ELÉTRICOS,VOLANTE AJUSTÁVEL,VOLANTE COMANDO MULTIMÍDIA;Particular;Belo Horizonte;29/11/2022
3567166;18/11/2022;130.000,00;2.0;Audi A4;Quilometragem,Câmbio,Ano - Modelo,Portas,Combustível,Placa,Troca?,cor;92.000 Km,Automático,2017/2018,5,Gasolina,FYE,Aceito Troca,Cinza;ABS,AIR BAGS 6,ALARME,AR CONDICIONADO,AR QUENTE,AR-COND. DIGITAL,ASSIST. PARTIDA EM RAMPA,BANCO AJUSTE ALTURA,BANCOS DE COURO,CÂMBIO AUTOMÁTICO,CÂMERA DE RÉ,CD / MP3,CENTRAL MULTIMIDIA,COMPUTADOR DE BORDO,CONTROLE ESTABILIDADE,CONTROLE TRAÇÃO,DESEMBAÇADOR,DIREÇÃO ELÉTRICA,FARÓIS AUXILIARES,GPS,LIMPADOR TRASEIRO,PILOTO AUTOMÁTICO,RODAS DE LIGA LEVE,SENSOR DE ESTACIONAMENTO,TRAVAS ELÉTRICAS,TURBO,VIDROS ELÉTRICOS,VOLANTE AJUSTÁVEL,VOLANTE COMANDO MULTIMÍDIA;Particular;Contagem;29/11/2022
3565846;17/11/2022;87.000,00;1.4;Audi A3 Sedan;Quilometragem,Câmbio,Ano - Modelo,Portas,Combustível,Placa,Troca?,cor;100 Km,Automático,2015/2016,4,Gasolina,PXR,Aceito Troca,Branco;ALARME,AR CONDICIONADO,AR QUENTE,BANCOS DE COURO,CÂMBIO AUTOMÁTICO,CENTRAL MULTIMIDIA,CONTROLE ESTABILIDADE,DESEMBAÇADOR,DIREÇÃO HIDRÁULICA,MP3 / USB,RETROVISORES ELÉTRICOS,TRAVAS ELÉTRICAS,TURBO,VIDROS ELÉTRICOS,VOLANTE AJUSTÁVEL;Particular;Belo Horizonte;29/11/2022
3451675;29/11/2022;179.900,00;3.0;Audi A6;Quilometragem,Câmbio,Ano - Modelo,Portas,Combustível,Placa,Troca?,cor;28.000 Km,Automático,2016/2016,4,Gasolina,FYT,Aceito Troca,Cinza;ALARME,AR CONDICIONADO,AR QUENTE,CÂMBIO AUTOMÁTICO,DIREÇÃO HIDRÁULICA,TRAVAS ELÉTRICAS,VIDROS ELÉTRICOS;Profissional;Rua Desembargador Jose Satyro , 425, Castelo, Belo Horizonte - 30840-490;29/11/2022
3578645;29/11/2022;89.500,00;1.4;Audi A3 Sedan;Quilometragem,Câmbio,Ano - Modelo,Portas,Combustível,Placa,Troca?,cor;53.000 Km,Automático,2015/2016,4,Bi-Combustível,PXM,Aceito Troca,Branco;CÂMBIO AUTOMÁTICO;Profissional;Favor Ligar , para, agendar um horário, Belo Horizonte - 30441-055;29/11/2022
3578165;28/11/2022;109.900,00;1.4;Audi A3;Quilometragem,Câmbio,Ano - Modelo,Portas,Combustível,Placa,Troca?,cor;46.178 Km,Automático,2018/2018,4,Bi-Combustível,QPJ,Aceito Troca,Prata;ABS,AIR BAGS 2,ALARME,AR CONDICIONADO,AR QUENTE,BANCOS DE COURO,CÂMBIO AUTOMÁTICO,CÂMERA DE RÉ,CD / MP3,COMPUTADOR DE BORDO,DESEMBAÇADOR,DIREÇÃO ELÉTRICA,EBD,ENGATE,FARÓIS LED,FAROL XENÔNIO,GPS,MP3 / USB,PILOTO AUTOMÁTICO,RETROVISORES ELÉTRICOS,RODAS DE LIGA LEVE,SENSOR DE ESTACIONAMENTO,TRAVAS ELÉTRICAS,VIDROS ELÉTRICOS,VOLANTE AJUSTÁVEL,VOLANTE COMANDO MULTIMÍDIA;Profissional;Av Raja Gabaglia, 4847, Santa Lucia, Belo Horizonte - 30360-670;29/11/2022
3509421;28/11/2022;89.900,00;1.4;Audi A3 Sedan;Quilometragem,Câmbio,Ano - Modelo,Portas,Combustível,Placa,Troca?,cor;47.700 Km,Automático,2015/2016,4,Bi-Combustível,PXC,Aceito Troca,Branco;ABS,AIR BAGS 11,ALARME,AR CONDICIONADO,AR QUENTE,ASSIST. PARTIDA EM RAMPA,BANCO AJUSTE ALTURA,BANCOS DE COURO,CÂMBIO AUTOMÁTICO,COMPUTADOR DE BORDO,CONTROLE ESTABILIDADE,DESEMBAÇADOR,DIREÇÃO ELÉTRICA,FARÓIS LED,FAROL XENÔNIO,RETROVISORES ELÉTRICOS,RODAS DE LIGA LEVE,SENSOR DE ESTACIONAMENTO,TRAVAS ELÉTRICAS,TURBO,VIDROS ELÉTRICOS,VOLANTE AJUSTÁVEL,VOLANTE COMANDO MULTIMÍDIA;Profissional;Avenida raja gabaglia, 2000 Torre 1 sala 310, Estoril, Belo Horizonte - 30494-270;29/11/2022
3577783;28/11/2022;112.399,00;1.4;Audi Q3;Quilometragem,Câmbio,Ano - Modelo,Portas,Combustível,Placa,Troca?,cor;82.917 Km,Automático,2017/2017,4,Gasolina,PYH,Aceito Troca,Prata;ABS,AIR BAGS 1,AIR BAGS 2,BANCOS DE COURO,CÂMBIO AUTOMÁTICO,MP3 / USB,RODAS DE LIGA LEVE;Profissional;Avenida Afonso Vaz de Melo, 640 ViaShopping Barreiro - Torre b - G6, Barreiro, Belo Horizonte - 30640-070;29/11/2022
3578249;28/11/2022;144.199,00;2.0;Audi A4;Quilometragem,Câmbio,Ano - Modelo,Portas,Combustível,Placa,Troca?,cor;62.801 Km,Automático,2018/2018,4,Gasolina,GGX,Aceito Troca,Preto;ABS,AIR BAGS 1,AIR BAGS 2,BANCOS DE COURO,CÂMBIO AUTOMÁTICO,MP3 / USB,RODAS DE LIGA LEVE;Profissional;Avenida Afonso Vaz de Melo, 640 ViaShopping Barreiro - Torre b - G6, Barreiro, Belo Horizonte - 30640-070;29/11/2022
3542366;27/11/2022;239.900,00;2.0;Audi TT;Quilometragem,Câmbio,Ano - Modelo,Portas,Combustível,Placa,Troca?,cor;66.000 Km,Automático,2015/2016,2,Gasolina,PIW,Aceito Troca,Preto;ABS,AIR BAGS 1,AIR BAGS 2,ALARME,AR CONDICIONADO,AR QUENTE,BANCOS DE COURO,CÂMBIO AUTOMÁTICO,CÂMERA DE RÉ,CENTRAL MULTIMIDIA,COMPUTADOR DE BORDO,CONTROLE TRAÇÃO,DVD,RODAS DE LIGA LEVE,SENSOR DE ESTACIONAMENTO,TRAVAS ELÉTRICAS,VIDROS ELÉTRICOS;Profissional;Av Barao Homem de Melo, 3183, Estoril, Belo Horizonte - 30450-250;29/11/2022
3542716;27/11/2022;88.990,00;Sportback;Audi A1;Quilometragem,Câmbio,Ano - Modelo,Portas,Combustível,Placa,Troca?,cor;66.000 Km,Automático,2015/2016,5,Gasolina,XXX,Aceito Troca,Prata;ABS,AIR BAGS 6,ALARME,AR CONDICIONADO,AR QUENTE,BANCO AJUSTE ALTURA,CÂMBIO AUTOMÁTICO,CD / MP3,CENTRAL MULTIMIDIA,COMPUTADOR DE BORDO,CONTROLE ESTABILIDADE,CONTROLE TRAÇÃO,DESEMBAÇADOR,DIREÇÃO ELÉTRICA,FAROL XENÔNIO,LIMPADOR TRASEIRO,MP3 / USB,PILOTO AUTOMÁTICO,RODAS DE LIGA LEVE,SENSOR DE ESTACIONAMENTO,TRAVAS ELÉTRICAS,VIDROS ELÉTRICOS,VOLANTE AJUSTÁVEL,VOLANTE COMANDO MULTIMÍDIA;Profissional;Avenida Aggeo Pio Sobrinho, 261 SALA 213, Buritis, Belo Horizonte - 30575-834;29/11/2022
3380677;27/11/2022;349.990,00;Roadster;Audi TT;Quilometragem,Câmbio,Ano - Modelo,Portas,Combustível,Placa,Troca?,cor;48.000 Km,Automático,2018/2018,2,Gasolina,QCX,Aceito Troca,Amarelo;CÂMBIO AUTOMÁTICO;Profissional;Avenida do Estado Dalmo Vieira, 400, Aririba, Balneario Camboriu - 88338-635;29/11/2022
3541888;26/11/2022;119.900,00;2.0;Audi A3 Sedan;Quilometragem,Câmbio,Ano - Modelo,Portas,Combustível,Placa,Troca?,cor;84.000 Km,Automático,2015/2016,4,Gasolina,FWW,Aceito Troca,Preto;ABS,AIR BAGS 6,ALARME,AR QUENTE,AR-COND. DIGITAL,ASSIST. PARTIDA EM RAMPA,BANCOS DE COURO,CÂMBIO AUTOMÁTICO,CÂMERA DE RÉ,COMPUTADOR DE BORDO,DESEMBAÇADOR,DIREÇÃO ELÉTRICA,FARÓIS AUXILIARES,FARÓIS LED,PILOTO AUTOMÁTICO,RETROVISORES ELÉTRICOS,RODAS DE LIGA LEVE,SENSOR DE ESTACIONAMENTO,TETO-SOLAR,TRAVAS ELÉTRICAS,TURBO,VIDROS ELÉTRICOS;Profissional;Av. Prof. Mario Werneck, 10, Estoril, Belo Horizonte - 30455-610;29/11/2022
3575886;25/11/2022;105.900,00;1.8;Audi A5;Quilometragem,Câmbio,Ano - Modelo,Portas,Combustível,Placa,Troca?,cor;70.000 Km,Automático,2015/2016,4,Gasolina,PIU,Aceito Troca,Marrom;ABS,AIR BAGS 1,AIR BAGS 2,ALARME,AR CONDICIONADO,AR QUENTE,AR-COND. DIGITAL,BANCO AJUSTE ALTURA,BANCOS DE COURO,CÂMBIO AUTOMÁTICO,CÂMERA DE RÉ,CENTRAL MULTIMIDIA,COMPUTADOR DE BORDO,CONTROLE TRAÇÃO,DESEMBAÇADOR,DIREÇÃO ELÉTRICA,FAROL XENÔNIO,GPS,LIMPADOR TRASEIRO,MP3 / USB,RETROVISORES ELÉTRICOS,RODAS DE LIGA LEVE,SENSOR DE ESTACIONAMENTO,TETO-SOLAR,TRAVAS ELÉTRICAS,VIDROS ELÉTRICOS,VOLANTE COMANDO MULTIMÍDIA;Profissional;Av Cristiano Machado, 2574, Cidade Nova, Belo Horizonte - 31170-800;29/11/2022
3474424;23/11/2022;139.800,00;2.0;Audi Q3;Quilometragem,Câmbio,Ano - Modelo,Portas,Combustível,Placa,Troca?,cor;78.150 Km,Automatizado,2018/2018,5,Gasolina,QPM,Aceito Troca,Preto;ABS,AIR BAGS 6,AR-COND. DIGITAL,ASSIST. PARTIDA EM RAMPA,AWD,BANCO AJUSTE ALTURA,BANCOS DE COURO,CÂMBIO AUTOMATIZADO,CÂMERA DE RÉ,CENTRAL MULTIMIDIA,COMPUTADOR DE BORDO,CONTROLE ESTABILIDADE,CONTROLE TRAÇÃO,DESEMBAÇADOR,DIREÇÃO ELÉTRICA,FAROL XENÔNIO,LIMPADOR TRASEIRO,MP3 / USB,PILOTO AUTOMÁTICO,RETROVISORES ELÉTRICOS,RODAS DE LIGA LEVE,SENSOR DE ESTACIONAMENTO,TETO-SOLAR,TRAVAS ELÉTRICAS,TURBO,VIDROS ELÉTRICOS,VOLANTE AJUSTÁVEL,VOLANTE COMANDO MULTIMÍDIA;Profissional;Av. Contorno , 8686, Santo Agostinho, Belo Horizonte - 30110-062;29/11/2022
3376330;23/11/2022;109.000,00;1.4;Audi Q3;Quilometragem,Câmbio,Ano - Modelo,Portas,Combustível,Placa,Troca?,cor;76.500 Km,Automático,2016/2017,5,Gasolina,PYK,Aceito Troca,Branco;ABS,AIR BAGS 2,ALARME,AR CONDICIONADO,AR QUENTE,BANCO AJUSTE ALTURA,BANCOS DE COURO,CÂMBIO AUTOMÁTICO,CD / MP3,COMPUTADOR DE BORDO,CONTROLE ESTABILIDADE,CONTROLE TRAÇÃO,DESEMBAÇADOR,DIREÇÃO HIDRÁULICA,LIMPADOR TRASEIRO,MP3 / USB,RETROVISORES ELÉTRICOS,RODAS DE LIGA LEVE,TRAVAS ELÉTRICAS,TURBO,VIDROS ELÉTRICOS,VOLANTE AJUSTÁVEL;Profissional;Av Barao Homem de Melo, 3111, Estoril, Belo Horizonte - 30494-085;29/11/2022
3445780;23/11/2022;99.900,00;2.0;Audi Q3;Quilometragem,Câmbio,Ano - Modelo,Portas,Combustível,Placa,Troca?,cor;72.000 Km,Automático,2015/2016,4,Gasolina,PWG,Aceito Troca,Preto;ABS,AIR BAGS 4,ALARME,AR CONDICIONADO,AR QUENTE,BANCO AJUSTE ALTURA,BANCOS DE COURO,CÂMBIO AUTOMÁTICO,CD / MP3,COMPUTADOR DE BORDO,CONTROLE TRAÇÃO,DESEMBAÇADOR,DIREÇÃO ELÉTRICA,DIREÇÃO HIDRÁULICA,FARÓIS AUXILIARES,LIMPADOR TRASEIRO,MP3 / USB,PILOTO AUTOMÁTICO,RETROVISORES ELÉTRICOS,RODAS DE LIGA LEVE,SENSOR DE ESTACIONAMENTO,TRAVAS ELÉTRICAS,VIDROS ELÉTRICOS,VOLANTE AJUSTÁVEL,VOLANTE COMANDO MULTIMÍDIA;Profissional;Av. do Contorno, 8000, Lourdes, Belo Horizonte - 30110-932;29/11/2022
3536625;23/11/2022;123.000,00;1.4;Audi Q3;Quilometragem,Câmbio,Ano - Modelo,Portas,Combustível,Placa,Troca?,cor;36.000 Km,Automático,2016/2017,5,Gasolina,PYT,Aceito Troca,Prata;ABS,AIR BAGS 2,ALARME,AR CONDICIONADO,AR QUENTE,CÂMBIO AUTOMÁTICO,DESEMBAÇADOR,DIREÇÃO HIDRÁULICA,LIMPADOR TRASEIRO,RETROVISORES ELÉTRICOS,RODAS DE LIGA LEVE,TRAVAS ELÉTRICAS,VIDROS ELÉTRICOS;Profissional;Av. Raja Gabaglia, 3055, Santa Lucia, Belo Horizonte - 30350-563;29/11/2022
3573782;23/11/2022;99.990,00;1.4;Audi A3;Quilometragem,Câmbio,Ano - Modelo,Portas,Combustível,Placa,Troca?,cor;118.361 Km,Automático,2015/2016,4,Bi-Combustível,PXD,Aceito Troca,Cinza;CÂMBIO AUTOMÁTICO;Profissional;Avenida do Estado Dalmo Vieira, 400, Aririba, Balneario Camboriu - 88338-635;29/11/2022
3502933;22/11/2022;119.990,00;1.4;Audi Q3;Quilometragem,Câmbio,Ano - Modelo,Portas,Combustível,Placa,Troca?,cor;83.000 Km,Automático,2018/2018,4,Gasolina,TTT,Aceito Troca,Verde;ABS,AIR BAGS 1,ALARME,AR CONDICIONADO,AR QUENTE,AR-COND. DIGITAL,CÂMBIO AUTOMÁTICO,COMPUTADOR DE BORDO,CONTROLE ESTABILIDADE,CONTROLE TRAÇÃO,DESEMBAÇADOR,DIREÇÃO ELÉTRICA,EBD,FARÓIS AUXILIARES,RETROVISORES ELÉTRICOS,RODAS DE LIGA LEVE,SENSOR DE ESTACIONAMENTO,TETO-SOLAR,TRAVAS ELÉTRICAS,VIDROS ELÉTRICOS,VOLANTE COMANDO MULTIMÍDIA;Profissional;Av. Raja Gabáglia, 959 em frente o Hospital Madre Tereza, Luxemburgo, Belo Horizonte - 30380-403;29/11/2022
3502974;22/11/2022;82.900,00;Sportback;Audi A1;Quilometragem,Câmbio,Ano - Modelo,Portas,Combustível,Placa,Troca?,Leilão,cor;35.263 Km,Automático,2015/2016,5,Gasolina,PCA,Aceito Troca,Proveniente de leilão,Branco;AIR BAGS 2,ALARME,AR CONDICIONADO,AR QUENTE,CÂMBIO AUTOMÁTICO,COMPUTADOR DE BORDO,DESEMBAÇADOR,DIREÇÃO HIDRÁULICA,FARÓIS AUXILIARES,LIMPADOR TRASEIRO,RETROVISORES ELÉTRICOS,RODAS DE LIGA LEVE,TRAVAS ELÉTRICAS,VIDROS ELÉTRICOS;Profissional;Rua Jacui, 3295, Ipiranga, Belo Horizonte - 31980-000;29/11/2022
3571193;22/11/2022;129.990,00;1.4;Audi Q3;Quilometragem,Câmbio,Ano - Modelo,Portas,Combustível,Placa,Troca?,cor;34.000 Km,Automático,2018/2018,4,Bi-Combustível,QQF,Aceito Troca,Preto;ABS,AIR BAGS 1,AIR BAGS 2,AR QUENTE,AR-COND. DIGITAL,BANCO AJUSTE ALTURA,BANCOS DE COURO,CÂMBIO AUTOMÁTICO,CÂMERA DE RÉ,CD / MP3,CENTRAL MULTIMIDIA,COMPUTADOR DE BORDO,CONTROLE TRAÇÃO,DESEMBAÇADOR,DIREÇÃO ELÉTRICA,DIREÇÃO HIDRÁULICA,LIMPADOR TRASEIRO,MP3 / USB,PILOTO AUTOMÁTICO,RETROVISORES ELÉTRICOS,RODAS DE LIGA LEVE,SENSOR DE ESTACIONAMENTO,TRAVAS ELÉTRICAS,VIDROS ELÉTRICOS,VOLANTE AJUSTÁVEL,VOLANTE COMANDO MULTIMÍDIA;Profissional;Av Pedro ll, 1900, Carlos Prates, Belo Horizonte - 30710-010;29/11/2022
3570972;21/11/2022;159.990,00;2.0;Audi Q3;Quilometragem,Câmbio,Ano - Modelo,Portas,Combustível,Placa,Troca?,cor;27.000 Km,Automático,2018/2018,4,Gasolina,CUG,Aceito Troca,Preto;ABS,AIR BAGS 1,AIR BAGS 2,AR CONDICIONADO,AR-COND. DIGITAL,BANCOS DE COURO,CÂMBIO AUTOMÁTICO,CÂMERA DE RÉ,CENTRAL MULTIMIDIA,COMPUTADOR DE BORDO,CONTROLE TRAÇÃO,DIREÇÃO ELÉTRICA,LIMPADOR TRASEIRO,MP3 / USB,PILOTO AUTOMÁTICO,RETROVISORES ELÉTRICOS,RODAS DE LIGA LEVE,SENSOR DE ESTACIONAMENTO,TRAVAS ELÉTRICAS,TURBO,VOLANTE COMANDO MULTIMÍDIA;Profissional;Av Olimpio Garcia, 1200, Inconfidentes, Contagem - 32315-140;29/11/2022
