3577520;28/11/2022;60.000,00;3.0;Mitsubishi Outlander;Quilometragem,Câmbio,Ano - Modelo,Portas,Combustível,Placa,Troca?,cor;120.000 Km,Automático,2011/2012,4,Gasolina,HNP,Não Aceita Troca,Preto;ABS,AIR BAGS 8,ALARME,AR-COND. DIGITAL,ASSIST. PARTIDA EM RAMPA,AWD,BANCO AJUSTE ALTURA,BANCOS DE COURO,CÂMBIO AUTOMÁTICO,CÂMERA DE RÉ,CENTRAL MULTIMIDIA,COMPUTADOR DE BORDO,CONTROLE ESTABILIDADE,CONTROLE TRAÇÃO,DESEMBAÇADOR,DIREÇÃO HIDRÁULICA,DVD,EBD,FARÓIS AUXILIARES,GPS,LIMPADOR TRASEIRO,MP3 / USB,PILOTO AUTOMÁTICO,RETROVISORES ELÉTRICOS,RODAS DE LIGA LEVE,SENSOR DE ESTACIONAMENTO,TETO-SOLAR,TRAÇÃO 4x4,TRAVAS ELÉTRICAS,VIDROS ELÉTRICOS,VOLANTE AJUSTÁVEL,VOLANTE COMANDO MULTIMÍDIA;Particular;None;29/11/2022
3544882;27/11/2022;60.900,00;2.0;Mitsubishi ASX;Quilometragem,Câmbio,Ano - Modelo,Portas,Combustível,Placa,Troca?,cor;131.000 Km,Automático,2012/2012,4,Gasolina,OLO,Não Aceita Troca,Branco;ABS,AIR BAGS 2,ALARME,AR CONDICIONADO,AR QUENTE,BANCO AJUSTE ALTURA,BANCOS DE COURO,CÂMBIO AUTOMÁTICO,CÂMERA DE RÉ,CD / MP3,CENTRAL MULTIMIDIA,COMPUTADOR DE BORDO,DESEMBAÇADOR,DIREÇÃO HIDRÁULICA,FARÓIS AUXILIARES,LIMPADOR TRASEIRO,MP3 / USB,RETROVISORES ELÉTRICOS,RODAS DE LIGA LEVE,SENSOR DE ESTACIONAMENTO,TRAVAS ELÉTRICAS,VIDROS ELÉTRICOS,VOLANTE AJUSTÁVEL,VOLANTE COMANDO MULTIMÍDIA;Particular;Belo Horizonte;29/11/2022
3577391;26/11/2022;57.900,00;2.0;Mitsubishi Outlander;Quilometragem,Câmbio,Ano - Modelo,Portas,Combustível,Placa,Troca?,cor;85.000 Km,Automático,2011/2012,4,Gasolina,HOA,Não Aceita Troca,Prata;ABS,AIR BAGS 2,ALARME,AR CONDICIONADO,AR QUENTE,AWD,BANCO AJUSTE ALTURA,BANCOS DE COURO,CÂMBIO AUTOMÁTICO,CÂMERA DE RÉ,CD / MP3,COMPUTADOR DE BORDO,CONTROLE ESTABILIDADE,CONTROLE TRAÇÃO,DESEMBAÇADOR,DIREÇÃO HIDRÁULICA,FARÓIS AUXILIARES,LIMPADOR TRASEIRO,MP3 / USB,PILOTO AUTOMÁTICO,RETROVISORES ELÉTRICOS,RODAS DE LIGA LEVE,SENSOR DE ESTACIONAMENTO,TETO-SOLAR,TRAVAS ELÉTRICAS,VIDROS ELÉTRICOS,VOLANTE AJUSTÁVEL;Particular;None;29/11/2022
3539273;25/11/2022;68.800,00;2.0;Mitsubishi ASX;Quilometragem,Câmbio,Ano - Modelo,Portas,Combustível,Placa,Troca?,cor;79.000 Km,Automático,2013/2014,4,Gasolina,ORC,Não Aceita Troca,Cinza;ABS,ALARME,AR CONDICIONADO,AR QUENTE,AR-COND. DIGITAL,BANCO AJUSTE ALTURA,BANCOS DE COURO,CÂMBIO AUTOMÁTICO,CD / MP3,COMPUTADOR DE BORDO,DESEMBAÇADOR,DIREÇÃO ELÉTRICA,DIREÇÃO HIDRÁULICA,ENGATE,GPS,LIMPADOR TRASEIRO,MP3 / USB,PILOTO AUTOMÁTICO,RETROVISORES ELÉTRICOS,RODAS DE LIGA LEVE,SENSOR DE ESTACIONAMENTO,TRAVAS ELÉTRICAS,VIDROS ELÉTRICOS,VOLANTE AJUSTÁVEL,VOLANTE COMANDO MULTIMÍDIA;Particular;Ouro Preto;29/11/2022
3576662;25/11/2022;59.900,00;2.0;Mitsubishi ASX;Quilometragem,Câmbio,Ano - Modelo,Portas,Combustível,Placa,Troca?,cor;174.000 Km,Automático,2012/2013,5,Gasolina,HKQ,Aceito Troca,Cinza;ABS,ALARME,AR CONDICIONADO,AR QUENTE,AR-COND. DIGITAL,BANCO AJUSTE ALTURA,BANCOS DE COURO,CÂMBIO AUTOMÁTICO,CD / MP3,COMPUTADOR DE BORDO,DESEMBAÇADOR,DIREÇÃO ELÉTRICA,DIREÇÃO HIDRÁULICA,ENGATE,FARÓIS AUXILIARES,LIMPADOR TRASEIRO,MP3 / USB,RODAS DE LIGA LEVE,TRAVAS ELÉTRICAS,VIDROS ELÉTRICOS,VOLANTE AJUSTÁVEL,VOLANTE COMANDO MULTIMÍDIA;Particular;Belo Horizonte;29/11/2022
3573708;23/11/2022;63.900,00;2.0;Mitsubishi ASX;Quilometragem,Câmbio,Ano - Modelo,Portas,Combustível,Placa,Troca?,cor;Não informada,Automatizado,2013/2014,4,Gasolina,OQS,Não Aceita Troca,Prata;ABS,ALARME,AR CONDICIONADO,AR QUENTE,ASSIST. PARTIDA EM RAMPA,BANCO AJUSTE ALTURA,CÂMBIO AUTOMATIZADO,CÂMERA DE RÉ,CD / MP3,CENTRAL MULTIMIDIA,COMPUTADOR DE BORDO,CONTROLE ESTABILIDADE,CONTROLE TRAÇÃO,DESEMBAÇADOR,DIREÇÃO ELÉTRICA,DVD,EBD,GPS,LIMPADOR TRASEIRO,MP3 / USB,PILOTO AUTOMÁTICO,RETROVISORES ELÉTRICOS,RODAS DE LIGA LEVE,SENSOR DE ESTACIONAMENTO,TRAVAS ELÉTRICAS,VIDROS ELÉTRICOS,VOLANTE AJUSTÁVEL,VOLANTE COMANDO MULTIMÍDIA;Particular;Betim;29/11/2022
3571101;21/11/2022;135.000,00;3.2;Mitsubishi L200;Quilometragem,Câmbio,Ano - Modelo,Portas,Combustível,Placa,Troca?,cor;91.000 Km,Automático,2013/2014,4,Diesel,ORV,Não Aceita Troca,Branco;ABS,AIR BAGS 2,ALARME,AR CONDICIONADO,AR QUENTE,AWD,BANCO AJUSTE ALTURA,BANCOS DE COURO,CÂMBIO AUTOMÁTICO,CÂMERA DE RÉ,CAPOTA MARÍTIMA,CD / MP3,CENTRAL MULTIMIDIA,COMPUTADOR DE BORDO,CONTROLE ESTABILIDADE,CONTROLE TRAÇÃO,DESEMBAÇADOR,DIREÇÃO HIDRÁULICA,DVD,ENGATE,MP3 / USB,PROTETOR DE CAÇAMBA,RETROVISORES ELÉTRICOS,RODAS DE LIGA LEVE,TRAÇÃO 4x4,TRAVAS ELÉTRICAS,TURBO,VIDROS ELÉTRICOS,VOLANTE AJUSTÁVEL,VOLANTE COMANDO MULTIMÍDIA;Particular;Belo Horizonte;29/11/2022
3530650;18/11/2022;51.200,00;2.0;Mitsubishi Lancer;Quilometragem,Câmbio,Ano - Modelo,Portas,Combustível,Placa,Troca?,cor;98.800 Km,Manual,2012/2013,4,Gasolina,OMG,Não Aceita Troca,Prata;ABS,AIR BAGS 2,ALARME,AR CONDICIONADO,AR QUENTE,BANCOS DE COURO,CÂMBIO MANUAL,DIREÇÃO HIDRÁULICA,TRAVAS ELÉTRICAS,VIDROS ELÉTRICOS;Particular;Belo Horizonte;29/11/2022
3527578;14/11/2022;71.900,00;2.0;Mitsubishi ASX;Quilometragem,Câmbio,Ano - Modelo,Portas,Combustível,Placa,Troca?,cor;95.000 Km,Automático,2013/2014,4,Gasolina,OWP,Não Aceita Troca,Branco;ABS,AIR BAGS 4,ALARME,AR CONDICIONADO,AR QUENTE,BANCO AJUSTE ALTURA,BANCOS DE COURO,CÂMBIO AUTOMÁTICO,CÂMERA DE RÉ,CENTRAL MULTIMIDIA,CONTROLE ESTABILIDADE,DESEMBAÇADOR,DIREÇÃO HIDRÁULICA,FARÓIS AUXILIARES,LIMPADOR TRASEIRO,PILOTO AUTOMÁTICO,RETROVISORES ELÉTRICOS,RODAS DE LIGA LEVE,TRAVAS ELÉTRICAS,VIDROS ELÉTRICOS,VOLANTE AJUSTÁVEL,VOLANTE COMANDO MULTIMÍDIA;Particular;Belo Horizonte;29/11/2022
3558621;10/11/2022;90.990,00;3.0;Mitsubishi Outlander;Quilometragem,Câmbio,Ano - Modelo,Portas,Combustível,Placa,Troca?,cor;69.980 Km,Automático,2013/2014,4,Gasolina,OXD,Aceito Troca,Branco;7 LUGARES,ABS,AIR BAGS 9,ALARME,AR CONDICIONADO,AR QUENTE,AR-COND. DIGITAL,ASSIST. PARTIDA EM RAMPA,AWD,BANCO AJUSTE ALTURA,BANCOS DE COURO,CÂMBIO AUTOMÁTICO,CÂMERA DE RÉ,CENTRAL MULTIMIDIA,COMPUTADOR DE BORDO,CONTROLE ESTABILIDADE,CONTROLE TRAÇÃO,DESEMBAÇADOR,DIREÇÃO HIDRÁULICA,DVD,EBD,FARÓIS AUXILIARES,GPS,LIMPADOR TRASEIRO,MP3 / USB,PILOTO AUTOMÁTICO,RETROVISORES ELÉTRICOS,RODAS DE LIGA LEVE,SENSOR DE ESTACIONAMENTO,TETO-SOLAR,TRAÇÃO 4x4,TRAVAS ELÉTRICAS,VIDROS ELÉTRICOS,VOLANTE AJUSTÁVEL,VOLANTE COMANDO MULTIMÍDIA;Particular;Belo Horizonte;29/11/2022
3547532;01/11/2022;58.000,00;2.0;Mitsubishi Lancer;Quilometragem,Câmbio,Ano - Modelo,Portas,Combustível,Placa,Troca?,cor;86.000 Km,Automático,2012/2013,4,Gasolina,FGC,Aceito Troca,Branco;ABS,AIR BAGS 9,ALARME,AR CONDICIONADO,AR QUENTE,BANCO AJUSTE ALTURA,BANCOS DE COURO,CÂMBIO AUTOMÁTICO,CÂMERA DE RÉ,CD / MP3,CENTRAL MULTIMIDIA,COMPUTADOR DE BORDO,DIREÇÃO HIDRÁULICA,DVD,FARÓIS AUXILIARES,FARÓIS LED,GPS,PILOTO AUTOMÁTICO,RETROVISORES ELÉTRICOS,RODAS DE LIGA LEVE,SENSOR DE ESTACIONAMENTO,TETO-SOLAR,TRAVAS ELÉTRICAS,VIDROS ELÉTRICOS,VOLANTE AJUSTÁVEL,VOLANTE COMANDO MULTIMÍDIA;Particular;Belo Horizonte;29/11/2022
3111354;21/11/2022;118.000,00;3.2;Mitsubishi L200;Quilometragem,Câmbio,Ano - Modelo,Portas,Combustível,Placa,Troca?,cor;180.000 Km,Automático,2013/2013,4,Diesel,OPS,Aceito Troca,Preto;ABS,AIR BAGS 2,ALARME,AR CONDICIONADO,AR QUENTE,BANCOS DE COURO,CÂMBIO AUTOMÁTICO,CÂMERA DE RÉ,CAPOTA MARÍTIMA,CENTRAL MULTIMIDIA,DESEMBAÇADOR,DIREÇÃO HIDRÁULICA,DVD,ENGATE,FARÓIS AUXILIARES,PROTETOR DE CAÇAMBA,RETROVISORES ELÉTRICOS,RODAS DE LIGA LEVE,TRAÇÃO 4x4,TRAVAS ELÉTRICAS,VIDROS ELÉTRICOS,VOLANTE COMANDO MULTIMÍDIA;Particular;Betim;29/11/2022
3571249;22/11/2022;99.000,00;3.2;Mitsubishi L200;Quilometragem,Câmbio,Ano - Modelo,Portas,Combustível,Placa,Troca?,cor;112.000 Km,Manual,2013/2013,3,Diesel,OQJ,Não Aceita Troca,Prata;ABS,AIR BAGS 2,AR CONDICIONADO,AR QUENTE,BANCO AJUSTE ALTURA,CÂMBIO MANUAL,CÂMERA DE RÉ,CAPOTA MARÍTIMA,CD / MP3,CENTRAL MULTIMIDIA,CONTROLE TRAÇÃO,DESEMBAÇADOR,DIREÇÃO HIDRÁULICA,EBD,LIMPADOR TRASEIRO,MP3 / USB,RETROVISORES ELÉTRICOS,RODAS DE LIGA LEVE,SENSOR DE ESTACIONAMENTO,TRAÇÃO 4x4,TRAVAS ELÉTRICAS,TURBO,VIDROS ELÉTRICOS,VOLANTE AJUSTÁVEL;Particular;Belo Horizonte;29/11/2022
3569280;20/11/2022;55.000,00;2.0;Mitsubishi Pajero TR4;Quilometragem,Câmbio,Ano - Modelo,Portas,Combustível,Placa,Troca?,cor;113.000 Km,Automático,2012/2013,4,Bi-Combustível,HFB,Não Aceita Troca,Cinza;ABS,ALARME,AR CONDICIONADO,AR QUENTE,ASSIST. PARTIDA EM RAMPA,BANCO AJUSTE ALTURA,BANCOS DE COURO,CÂMBIO AUTOMÁTICO,CD / MP3,DIREÇÃO HIDRÁULICA,FARÓIS AUXILIARES,MP3 / USB,PILOTO AUTOMÁTICO,RETROVISORES ELÉTRICOS,RODAS DE LIGA LEVE,SENSOR DE ESTACIONAMENTO,TRAVAS ELÉTRICAS,VIDROS ELÉTRICOS,VOLANTE AJUSTÁVEL;Particular;Belo Horizonte;29/11/2022
3471774;18/11/2022;71.300,00;2.0;Mitsubishi Outlander;Quilometragem,Câmbio,Ano - Modelo,Portas,Combustível,Placa,Troca?,cor;85.000 Km,Automático,2013/2014,5,Gasolina,OLH,Não Aceita Troca,Prata;ABS,AIR BAGS 2,ALARME,AR CONDICIONADO,AR QUENTE,AR-COND. DIGITAL,ASSIST. PARTIDA EM RAMPA,BANCO AJUSTE ALTURA,BANCOS DE COURO,CÂMBIO AUTOMÁTICO,CENTRAL MULTIMIDIA,COMPUTADOR DE BORDO,CONTROLE ESTABILIDADE,CONTROLE TRAÇÃO,DESEMBAÇADOR,DIREÇÃO ELÉTRICA,FARÓIS AUXILIARES,GPS,LIMPADOR TRASEIRO,PILOTO AUTOMÁTICO,RETROVISORES ELÉTRICOS,RODAS DE LIGA LEVE,SENSOR DE ESTACIONAMENTO,TETO-SOLAR,TRAVAS ELÉTRICAS,VIDROS ELÉTRICOS,VOLANTE AJUSTÁVEL,VOLANTE COMANDO MULTIMÍDIA;Particular;Contagem;29/11/2022
3553829;09/11/2022;105.000,00;3.2;Mitsubishi L200;Quilometragem,Câmbio,Ano - Modelo,Portas,Combustível,Placa,Troca?,cor;182.000 Km,Manual,2013/2013,4,Diesel,OPO,Não Aceita Troca,Prata;ABS,ALARME,AR CONDICIONADO,AR QUENTE,BANCO AJUSTE ALTURA,BANCOS DE COURO,CÂMBIO MANUAL,CAPOTA MARÍTIMA,CD / MP3,DESEMBAÇADOR,DIREÇÃO HIDRÁULICA,FARÓIS AUXILIARES,MP3 / USB,PROTETOR DE CAÇAMBA,RETROVISORES ELÉTRICOS,RODAS DE LIGA LEVE,SENSOR DE ESTACIONAMENTO,TRAÇÃO 4x4,TRAVAS ELÉTRICAS,TURBO,VIDROS ELÉTRICOS,VOLANTE AJUSTÁVEL;Particular;Belo Horizonte;29/11/2022
3489266;07/11/2022;41.000,00;2.0;Mitsubishi Lancer;Quilometragem,Câmbio,Ano - Modelo,Portas,Combustível,Placa,Troca?,cor;160.603 Km,Automático,2011/2012,4,Gasolina,NXX,Não Aceita Troca,Preto;ABS,AIR BAGS 2,ALARME,AR CONDICIONADO,AR QUENTE,BANCO AJUSTE ALTURA,BANCOS DE COURO,CÂMBIO AUTOMÁTICO,CD / MP3,COMPUTADOR DE BORDO,DESEMBAÇADOR,DIREÇÃO ELÉTRICA,FARÓIS AUXILIARES,PILOTO AUTOMÁTICO,RETROVISORES ELÉTRICOS,RODAS DE LIGA LEVE,TRAVAS ELÉTRICAS,VIDROS ELÉTRICOS,VOLANTE AJUSTÁVEL,VOLANTE COMANDO MULTIMÍDIA;Particular;Belo Horizonte;29/11/2022
3553345;07/11/2022;120.800,00;3.2;Mitsubishi L200;Quilometragem,Câmbio,Ano - Modelo,Portas,Combustível,Placa,Troca?,cor;184.000 Km,Automático,2013/2013,4,Diesel,OQA,Não Aceita Troca,Prata;ALARME,AR CONDICIONADO,AR QUENTE,CÂMBIO AUTOMÁTICO,DIREÇÃO HIDRÁULICA,TRAVAS ELÉTRICAS,VIDROS ELÉTRICOS;Particular;Belo Horizonte;29/11/2022
3503946;07/11/2022;110.000,00;3.2;Mitsubishi Pajero Dakar;Quilometragem,Câmbio,Ano - Modelo,Portas,Combustível,Placa,Troca?,cor;193.000 Km,Automático,2013/2013,4,Diesel,OQO,Não Aceita Troca,Preto;ABS,ALARME,AR CONDICIONADO,AR QUENTE,ASSIST. PARTIDA EM RAMPA,BANCO AJUSTE ALTURA,BANCOS DE COURO,CÂMBIO AUTOMÁTICO,CD / MP3,CENTRAL MULTIMIDIA,COMPUTADOR DE BORDO,CONTROLE ESTABILIDADE,CONTROLE TRAÇÃO,DESEMBAÇADOR,DIREÇÃO HIDRÁULICA,GPS,LIMPADOR TRASEIRO,PILOTO AUTOMÁTICO,TRAÇÃO 4x4,TRAVAS ELÉTRICAS,VIDROS ELÉTRICOS,VOLANTE AJUSTÁVEL;Particular;Belo Horizonte;29/11/2022
3294337;04/11/2022;125.000,00;3.2;Mitsubishi L200;Quilometragem,Câmbio,Ano - Modelo,Portas,Combustível,Placa,Troca?,cor;125.000 Km,Automático,2013/2013,4,Diesel,OPJ,Não Aceita Troca,Preto;ABS,ALARME,AR QUENTE,AR-COND. DIGITAL,BANCO AJUSTE ALTURA,BANCOS DE COURO,CÂMBIO AUTOMÁTICO,CÂMERA DE RÉ,CAPOTA MARÍTIMA,CD / MP3,CENTRAL MULTIMIDIA,COMPUTADOR DE BORDO,DIREÇÃO HIDRÁULICA,ENGATE,FARÓIS AUXILIARES,MP3 / USB,PILOTO AUTOMÁTICO,PROTETOR DE CAÇAMBA,RETROVISORES ELÉTRICOS,RODAS DE LIGA LEVE,TRAÇÃO 4x4,TRAVAS ELÉTRICAS,TURBO,VIDROS ELÉTRICOS,VOLANTE AJUSTÁVEL,VOLANTE COMANDO MULTIMÍDIA;Particular;Vespasiano;29/11/2022
3578580;29/11/2022;68.199,00;2.0;Mitsubishi ASX;Quilometragem,Câmbio,Ano - Modelo,Portas,Combustível,Placa,Troca?,cor;85.700 Km,Automático,2014/2014,4,Gasolina,EXY,Aceito Troca,Vermelho;ABS,AIR BAGS 1,AIR BAGS 2,BANCOS DE COURO,CÂMBIO AUTOMÁTICO,MP3 / USB,TRAÇÃO 4x4;Profissional;Avenida Afonso Vaz de Melo, 640 ViaShopping Barreiro - Torre b - G6, Barreiro, Belo Horizonte - 30640-070;29/11/2022
3578662;29/11/2022;59.900,00;2.0;Mitsubishi ASX;Quilometragem,Câmbio,Ano - Modelo,Portas,Combustível,Placa,Troca?,cor;13.500 Km,Manual,2013/2013,4,Gasolina,FJT,Aceito Troca,Prata;AIR BAGS 2,ALARME,AR CONDICIONADO,AR QUENTE,BANCO AJUSTE ALTURA,CÂMBIO MANUAL,CD / MP3,COMPUTADOR DE BORDO,DESEMBAÇADOR,DIREÇÃO HIDRÁULICA,FARÓIS AUXILIARES,LIMPADOR TRASEIRO,MP3 / USB,RETROVISORES ELÉTRICOS,RODAS DE LIGA LEVE,TRAVAS ELÉTRICAS,VIDROS ELÉTRICOS,VOLANTE AJUSTÁVEL,VOLANTE COMANDO MULTIMÍDIA;Profissional;Rua Avelino dos Santos, 201, Nova Esperança, Belo Horizonte - 31230-340;29/11/2022
3415961;26/11/2022;57.890,00;2.0/;Mitsubishi Pajero TR4;Quilometragem,Câmbio,Ano - Modelo,Portas,Combustível,Placa,Troca?,cor;135.000 Km,Automático,2011/2012,4,Bi-Combustível,HJH,Aceito Troca,Prata;ABS,AIR BAGS 2,ALARME,AR CONDICIONADO,AR QUENTE,BANCO AJUSTE ALTURA,BANCOS DE COURO,CÂMBIO AUTOMÁTICO,CD / MP3,CENTRAL MULTIMIDIA,COMPUTADOR DE BORDO,DESEMBAÇADOR,DIREÇÃO HIDRÁULICA,FARÓIS AUXILIARES,LIMPADOR TRASEIRO,MP3 / USB,RETROVISORES ELÉTRICOS,RODAS DE LIGA LEVE,TRAÇÃO 4x4,TRAVAS ELÉTRICAS,VIDROS ELÉTRICOS,VOLANTE AJUSTÁVEL;Profissional;Rua Jacui, 3742, Ipiranga, Belo Horizonte - 31160-190;29/11/2022
3541175;26/11/2022;59.990,00;2.0;Mitsubishi ASX;Quilometragem,Câmbio,Ano - Modelo,Portas,Combustível,Placa,Troca?,cor;98.000 Km,Automático,2011/2012,4,Gasolina,HNM,Aceito Troca,Preto;ABS,ALARME,AR CONDICIONADO,AR QUENTE,BANCOS DE COURO,CÂMBIO AUTOMÁTICO,COMPUTADOR DE BORDO,CONTROLE TRAÇÃO,DIREÇÃO HIDRÁULICA,LIMPADOR TRASEIRO,RETROVISORES ELÉTRICOS,SENSOR DE ESTACIONAMENTO,TRAVAS ELÉTRICAS,VIDROS ELÉTRICOS;Profissional;Av Raja Gabaglia, 2000, Estoril, Belo Horizonte - 30494-170;29/11/2022
3337406;25/11/2022;85.900,00;3.2;Mitsubishi L200;Quilometragem,Câmbio,Ano - Modelo,Portas,Combustível,Placa,Troca?,cor;172.000 Km,Manual,2012/2012,4,Diesel,NXY,Aceito Troca,Prata;ABS,ALARME,AR CONDICIONADO,CÂMBIO MANUAL,CAPOTA MARÍTIMA,DIREÇÃO HIDRÁULICA,RODAS DE LIGA LEVE,TRAÇÃO 4x4,TRAVAS ELÉTRICAS,VIDROS ELÉTRICOS;Profissional;Rua Caraca , 290, serra, Belo Horizonte - 30220-260;29/11/2022
3575245;25/11/2022;72.900,00;2.0;Mitsubishi ASX;Quilometragem,Câmbio,Ano - Modelo,Portas,Combustível,Placa,Troca?,cor;90.240 Km,Automático,2014/2014,4,Gasolina,OWZ,Aceito Troca,Preto;CÂMBIO AUTOMÁTICO;Profissional;Rua Juscelino Kubitschek, 4789, Coracao Eucaristico, Belo Horizonte - 30535-485;29/11/2022
3575760;25/11/2022;133.900,00;3.2;Mitsubishi Pajero Full;Quilometragem,Câmbio,Ano - Modelo,Portas,Combustível,Placa,Troca?,cor;104.000 Km,Automático,2012/2013,5,Diesel,JFB,Aceito Troca,Preto;ABS,AIR BAGS 1,AIR BAGS 2,AR CONDICIONADO,BANCOS DE COURO,CÂMBIO AUTOMÁTICO,CD / MP3,COMPUTADOR DE BORDO,CONTROLE TRAÇÃO,DESEMBAÇADOR,DIREÇÃO HIDRÁULICA,LIMPADOR TRASEIRO,MP3 / USB,PILOTO AUTOMÁTICO,RETROVISORES ELÉTRICOS,RODAS DE LIGA LEVE,SENSOR DE ESTACIONAMENTO,TETO-SOLAR,TRAVAS ELÉTRICAS,VIDROS ELÉTRICOS,VOLANTE AJUSTÁVEL;Profissional;Av Cristiano Machado, 2574, Cidade Nova, Belo Horizonte - 31170-800;29/11/2022
3539299;24/11/2022;99.900,00;3.2;Mitsubishi L200;Quilometragem,Câmbio,Ano - Modelo,Portas,Combustível,Placa,Troca?,cor;133.000 Km,Manual,2012/2013,4,Diesel,OLO,Aceito Troca,Prata;ABS,AIR BAGS 2,ALARME,AR CONDICIONADO,AR QUENTE,CÂMBIO MANUAL,CAPOTA MARÍTIMA,DIREÇÃO HIDRÁULICA,ENGATE,PROTETOR DE CAÇAMBA,RETROVISORES ELÉTRICOS,RODAS DE LIGA LEVE,TRAÇÃO 4x4,TRAVAS ELÉTRICAS,VIDROS ELÉTRICOS;Profissional;Rua Jose clemente Pereira, 21, Ipiranga, Belo Horizonte - 31160-130;29/11/2022
3573682;23/11/2022;64.990,00;2.0;Mitsubishi Outlander;Quilometragem,Câmbio,Ano - Modelo,Portas,Combustível,Placa,Troca?,cor;123.129 Km,Automático,2012/2013,5,Gasolina,HMF,Aceito Troca,Preto;ABS,AIR BAGS 4,ALARME,AR CONDICIONADO,AR QUENTE,BANCO AJUSTE ALTURA,BANCOS DE COURO,CÂMBIO AUTOMÁTICO,CÂMERA DE RÉ,CD / MP3,CENTRAL MULTIMIDIA,COMPUTADOR DE BORDO,CONTROLE ESTABILIDADE,DESEMBAÇADOR,DIREÇÃO ELÉTRICA,DIREÇÃO HIDRÁULICA,DVD,EBD,FARÓIS AUXILIARES,FARÓIS LED,FAROL XENÔNIO,GPS,LIMPADOR TRASEIRO,MP3 / USB,PILOTO AUTOMÁTICO,RETROVISORES ELÉTRICOS,RODAS DE LIGA LEVE,SENSOR DE ESTACIONAMENTO,TETO-SOLAR,TRAVAS ELÉTRICAS,VIDROS ELÉTRICOS,VOLANTE AJUSTÁVEL,VOLANTE COMANDO MULTIMÍDIA;Profissional;Av Tereza Cristina , 47, Prado, Belo Horizonte - 30710-010;29/11/2022
3574008;23/11/2022;124.900,00;3.2;Mitsubishi L200;Quilometragem,Câmbio,Ano - Modelo,Portas,Combustível,Placa,Troca?,cor;135.331 Km,Manual,2012/2013,4,Diesel,OOX,Aceito Troca,Preto;ABS,AIR BAGS 1,AR CONDICIONADO,BANCOS DE COURO,CÂMBIO MANUAL,CD / MP3,COMPUTADOR DE BORDO,DESEMBAÇADOR,DIREÇÃO HIDRÁULICA,MP3 / USB,RODAS DE LIGA LEVE,TRAVAS ELÉTRICAS,TURBO,VIDROS ELÉTRICOS,VOLANTE AJUSTÁVEL;Profissional;Rua Dom Joao Antonio dos Santos, 89, coracao eucaristico, Belo Horizonte - 30535-530;29/11/2022
3572755;23/11/2022;68.900,00;Pajero;Mitsubishi Pajero TR4;Quilometragem,Câmbio,Ano - Modelo,Portas,Combustível,Placa,Troca?,cor;65.000 Km,Automático,2012/2013,4,Gasolina,LUN,Aceito Troca,Prata;ABS,AIR BAGS 1,AIR BAGS 2,AR CONDICIONADO,BANCOS DE COURO,CÂMBIO AUTOMÁTICO,DESEMBAÇADOR,DIREÇÃO HIDRÁULICA,FARÓIS AUXILIARES,LIMPADOR TRASEIRO,MP3 / USB,RETROVISORES ELÉTRICOS,TRAÇÃO 4x4,TRAVAS ELÉTRICAS,VIDROS ELÉTRICOS,VOLANTE AJUSTÁVEL;Profissional;Av Cristiano Machado, 1750, Cidade Nova, Belo Horizonte - 31170-024;29/11/2022
3572757;23/11/2022;56.800,00;Pajero;Mitsubishi Pajero TR4;Quilometragem,Câmbio,Ano - Modelo,Portas,Combustível,Placa,Troca?,cor;106.000 Km,Automático,2012/2013,4,Bi-Combustível,OME,Aceito Troca,Prata;ABS,AIR BAGS 1,AIR BAGS 2,AR CONDICIONADO,CÂMBIO AUTOMÁTICO,DESEMBAÇADOR,DIREÇÃO HIDRÁULICA,FARÓIS AUXILIARES,LIMPADOR TRASEIRO,MP3 / USB,RETROVISORES ELÉTRICOS,TRAVAS ELÉTRICAS,VIDROS ELÉTRICOS,VOLANTE AJUSTÁVEL;Profissional;Av Cristiano Machado, 1750, Cidade Nova, Belo Horizonte - 31170-024;29/11/2022
3572759;23/11/2022;62.900,00;Pajero;Mitsubishi Pajero TR4;Quilometragem,Câmbio,Ano - Modelo,Portas,Combustível,Placa,Troca?,cor;75.000 Km,Automático,2014/2014,4,Gasolina,OSM,Aceito Troca,Branco;ABS,AIR BAGS 1,AIR BAGS 2,AR CONDICIONADO,CÂMBIO AUTOMÁTICO,DESEMBAÇADOR,DIREÇÃO HIDRÁULICA,FARÓIS AUXILIARES,LIMPADOR TRASEIRO,MP3 / USB,RETROVISORES ELÉTRICOS,TRAVAS ELÉTRICAS,VIDROS ELÉTRICOS,VOLANTE AJUSTÁVEL;Profissional;Av Cristiano Machado, 1750, Cidade Nova, Belo Horizonte - 31170-024;29/11/2022
3572553;22/11/2022;65.000,00;2.0;Mitsubishi ASX;Quilometragem,Câmbio,Ano - Modelo,Portas,Combustível,Placa,Troca?,cor;83.547 Km,Automático,2011/2012,4,Gasolina,ODX,Aceito Troca,Branco;ABS,AIR BAGS 1,AIR BAGS 2,AIR BAGS 3,ALARME,AR CONDICIONADO,AR QUENTE,BANCOS DE COURO,CÂMBIO AUTOMÁTICO,CAPOTA MARÍTIMA,CD / MP3,COMPUTADOR DE BORDO,CONTROLE TRAÇÃO,DESEMBAÇADOR,DIREÇÃO HIDRÁULICA,FARÓIS AUXILIARES,LIMPADOR TRASEIRO,PILOTO AUTOMÁTICO,RETROVISORES ELÉTRICOS,TRAÇÃO 4x4,TRAVAS ELÉTRICAS,VIDROS ELÉTRICOS,VOLANTE AJUSTÁVEL;Profissional;AV CRISTIANO MACHADO, 2355, Silveira, Belo Horizonte - 31140-560;29/11/2022
3572396;22/11/2022;65.900,00;TR4;Mitsubishi Pajero;Quilometragem,Câmbio,Ano - Modelo,Portas,Combustível,Placa,Troca?,cor;127.444 Km,Automático,2012/2012,4,Bi-Combustível,NYF,Aceito Troca,Branco;ABS,AIR BAGS 2,ALARME,AR CONDICIONADO,BANCOS DE COURO,CÂMBIO AUTOMÁTICO,CÂMERA DE RÉ,CD / MP3,CENTRAL MULTIMIDIA,COMPUTADOR DE BORDO,DESEMBAÇADOR,DIREÇÃO HIDRÁULICA,EBD,FARÓIS AUXILIARES,LIMPADOR TRASEIRO,MP3 / USB,RETROVISORES ELÉTRICOS,RODAS DE LIGA LEVE,TRAVAS ELÉTRICAS,VIDROS ELÉTRICOS,VOLANTE AJUSTÁVEL;Profissional;Av Afonso Vaz de Melo, 2320, Barreiro, Belo Horizonte - 30660-000;29/11/2022
3497922;19/11/2022;77.900,00;2.0;Mitsubishi ASX;Quilometragem,Câmbio,Ano - Modelo,Portas,Combustível,Placa,Troca?,cor;117.900 Km,Automático,2014/2014,4,Gasolina,OQM,Aceito Troca,Cinza;ABS,AIR BAGS 1,ALARME,AR CONDICIONADO,AR QUENTE,AR-COND. DIGITAL,AWD,BANCO AJUSTE ALTURA,BANCOS DE COURO,CÂMBIO AUTOMÁTICO,CÂMERA DE RÉ,CAPOTA MARÍTIMA,CD / MP3,CENTRAL MULTIMIDIA,COMPUTADOR DE BORDO,CONTROLE TRAÇÃO,DESEMBAÇADOR,DIREÇÃO HIDRÁULICA,FARÓIS AUXILIARES,LIMPADOR TRASEIRO,MP3 / USB,PILOTO AUTOMÁTICO,RETROVISORES ELÉTRICOS,RODAS DE LIGA LEVE,SENSOR DE ESTACIONAMENTO,TRAÇÃO 4x4,TRAVAS ELÉTRICAS,VIDROS ELÉTRICOS,VOLANTE AJUSTÁVEL,VOLANTE COMANDO MULTIMÍDIA;Profissional;Avenida Abílio Machado, 966, Inconfidência, Belo Horizonte - 30820-272;29/11/2022
3569204;19/11/2022;145.800,00;3.2;Mitsubishi Pajero Dakar;Quilometragem,Câmbio,Ano - Modelo,Portas,Combustível,Placa,Troca?,cor;180.000 Km,Automático,2013/2014,4,Diesel,OWL,Aceito Troca,Preto;7 LUGARES,ABS,AIR BAGS 6,ALARME,AR CONDICIONADO,AR QUENTE,AR-COND. DIGITAL,ASSIST. PARTIDA EM RAMPA,BANCO AJUSTE ALTURA,BANCOS DE COURO,CÂMBIO AUTOMÁTICO,CÂMERA DE RÉ,CD / MP3,CENTRAL MULTIMIDIA,COMPUTADOR DE BORDO,CONTROLE ESTABILIDADE,CONTROLE TRAÇÃO,DESEMBAÇADOR,DIREÇÃO HIDRÁULICA,DVD,ENGATE,FARÓIS AUXILIARES,FARÓIS LED,FAROL XENÔNIO,GPS,LIMPADOR TRASEIRO,MP3 / USB,RETROVISORES ELÉTRICOS,RODAS DE LIGA LEVE,SENSOR DE ESTACIONAMENTO,TRAÇÃO 4x4,TRAVAS ELÉTRICAS,VIDROS ELÉTRICOS,VOLANTE AJUSTÁVEL,VOLANTE COMANDO MULTIMÍDIA;Profissional;Rua Desembargador Barcelos, 1363, Nova Suica, Belo Horizonte - 30421-124;29/11/2022
3435553;13/11/2022;109.900,00;3.2;Mitsubishi L200;Quilometragem,Câmbio,Ano - Modelo,Portas,Combustível,Placa,Troca?,cor;150.000 Km,Automático,2012/2012,4,Diesel,OLU,Aceito Troca,Prata;ABS,AR CONDICIONADO,BANCOS DE COURO,CÂMBIO AUTOMÁTICO,DIREÇÃO HIDRÁULICA,PROTETOR DE CAÇAMBA,RETROVISORES ELÉTRICOS,RODAS DE LIGA LEVE,TRAÇÃO 4x4,TURBO,VIDROS ELÉTRICOS;Profissional;Rua Jacui, 3742, Ipiranga, Belo Horizonte - 31160-190;29/11/2022
3465057;13/11/2022;65.800,00;2.5;Mitsubishi L200;Quilometragem,Câmbio,Ano - Modelo,Portas,Combustível,Placa,Troca?,cor;149.000 Km,Manual,2011/2012,4,Diesel,HKW,Aceito Troca,Prata;ALARME,AR CONDICIONADO,AR QUENTE,CÂMBIO MANUAL,DIREÇÃO HIDRÁULICA,TRAÇÃO 4x4,TRAVAS ELÉTRICAS,VIDROS ELÉTRICOS;Profissional;Av. Dom Pedro I, 1030, Santa Branca, Belo Horizonte - 31710-000;29/11/2022
3491131;12/11/2022;56.000,00;2.0;Mitsubishi Pajero TR4;Quilometragem,Câmbio,Ano - Modelo,Portas,Combustível,Placa,Troca?,cor;80.700 Km,Manual,2013/2014,4,Bi-Combustível,OTI,Aceito Troca,Branco;ABS,AIR BAGS 2,ALARME,AR CONDICIONADO,AR QUENTE,CÂMBIO MANUAL,CÂMERA DE RÉ,CENTRAL MULTIMIDIA,COMPUTADOR DE BORDO,DESEMBAÇADOR,DIREÇÃO HIDRÁULICA,DVD,FARÓIS AUXILIARES,GPS,LIMPADOR TRASEIRO,RETROVISORES ELÉTRICOS,RODAS DE LIGA LEVE,TRAVAS ELÉTRICAS,VIDROS ELÉTRICOS;Profissional;Rua Araguari, 756, Barro Preto, Belo Horizonte - 30190-110;29/11/2022
