3569418;20/11/2022;117.990,00;2.5;Nissan Frontier;Quilometragem,Câmbio,Ano - Modelo,Portas,Combustível,Placa,Troca?,cor;139.432 Km,Manual,2013/2014,4,Diesel,OWS,Não Aceita Troca,Prata;ABS,AIR BAGS 2,ALARME,AR CONDICIONADO,AR QUENTE,BANCO AJUSTE ALTURA,CÂMBIO MANUAL,CAPOTA MARÍTIMA,CD / MP3,DESEMBAÇADOR,DIREÇÃO HIDRÁULICA,EBD,ENGATE,MP3 / USB,PROTETOR DE CAÇAMBA,RETROVISORES ELÉTRICOS,RODAS DE LIGA LEVE,TRAÇÃO 4x4,TRAVAS ELÉTRICAS,TURBO,VIDROS ELÉTRICOS,VOLANTE AJUSTÁVEL;Particular;Belo Horizonte;29/11/2022
3529611;18/11/2022;109.000,00;2.5;Nissan Frontier;Quilometragem,Câmbio,Ano - Modelo,Portas,Combustível,Placa,Troca?,cor;133.000 Km,Manual,2015/2015,4,Diesel,PWP,Aceito Troca,Branco;ABS,AIR BAGS 2,AR CONDICIONADO,AR QUENTE,AWD,BANCO AJUSTE ALTURA,CÂMBIO MANUAL,CÂMERA DE RÉ,CAPOTA MARÍTIMA,CENTRAL MULTIMIDIA,COMPUTADOR DE BORDO,DIREÇÃO HIDRÁULICA,FARÓIS AUXILIARES,GPS,MP3 / USB,PROTETOR DE CAÇAMBA,RETROVISORES ELÉTRICOS,RODAS DE LIGA LEVE,SENSOR DE ESTACIONAMENTO,TRAÇÃO 4x4,TRAVAS ELÉTRICAS,TURBO,VIDROS ELÉTRICOS,VOLANTE AJUSTÁVEL;Particular;Belo Horizonte;29/11/2022
3531057;18/11/2022;103.000,00;2.5;Nissan Frontier;Quilometragem,Câmbio,Ano - Modelo,Portas,Combustível,Placa,Troca?,cor;106.000 Km,Automático,2014/2014,4,Diesel,PUF,Não Aceita Troca,Branco;ABS,AIR BAGS 4,ALARME,AR QUENTE,AR-COND. DIGITAL,BANCO AJUSTE ALTURA,BANCOS DE COURO,CÂMBIO AUTOMÁTICO,CÂMERA DE RÉ,CAPOTA MARÍTIMA,CENTRAL MULTIMIDIA,COMPUTADOR DE BORDO,CONTROLE ESTABILIDADE,CONTROLE TRAÇÃO,DESEMBAÇADOR,DIREÇÃO HIDRÁULICA,DVD,ENGATE,FARÓIS AUXILIARES,FAROL XENÔNIO,PILOTO AUTOMÁTICO,RETROVISORES ELÉTRICOS,RODAS DE LIGA LEVE,SENSOR DE ESTACIONAMENTO,TRAÇÃO 4x4,TRAVAS ELÉTRICAS,TURBO,VIDROS ELÉTRICOS,VOLANTE COMANDO MULTIMÍDIA;Particular;Belo Horizonte;29/11/2022
2965216;17/11/2022;38.900,00;1.0;Nissan March;Quilometragem,Câmbio,Ano - Modelo,Portas,Combustível,Placa,Troca?,cor;115.000 Km,Manual,2015/2016,5,Bi-Combustível,PWV,Não Aceita Troca,Prata;ABS,AIR BAGS 2,ALARME,AR CONDICIONADO,AR QUENTE,BANCO AJUSTE ALTURA,CÂMBIO MANUAL,COMPUTADOR DE BORDO,DESEMBAÇADOR,DIREÇÃO ELÉTRICA,DIREÇÃO HIDRÁULICA,LIMPADOR TRASEIRO,MP3 / USB,TRAVAS ELÉTRICAS,VIDROS ELÉTRICOS,VOLANTE AJUSTÁVEL;Particular;Belo Horizonte;29/11/2022
3524310;11/11/2022;94.000,00;2.5;Nissan Frontier;Quilometragem,Câmbio,Ano - Modelo,Portas,Combustível,Placa,Troca?,cor;106.000 Km,Manual,2013/2014,4,Diesel,AXK,Aceito Troca,Preto;ABS,ALARME,AR CONDICIONADO,AR QUENTE,BANCO AJUSTE ALTURA,BANCOS DE COURO,CÂMBIO MANUAL,CÂMERA DE RÉ,CAPOTA MARÍTIMA,CD / MP3,CENTRAL MULTIMIDIA,COMPUTADOR DE BORDO,DESEMBAÇADOR,DIREÇÃO HIDRÁULICA,FARÓIS AUXILIARES,MP3 / USB,RETROVISORES ELÉTRICOS,RODAS DE LIGA LEVE,TRAVAS ELÉTRICAS,TURBO,VIDROS ELÉTRICOS,VOLANTE AJUSTÁVEL;Particular;Belo Horizonte;29/11/2022
3510605;08/11/2022;110.000,00;2.5;Nissan Frontier;Quilometragem,Câmbio,Ano - Modelo,Portas,Combustível,Placa,Troca?,cor;156.000 Km,Automático,2013/2014,4,Diesel,OQA,Aceito Troca,Prata;ABS,ALARME,AR QUENTE,AR-COND. DIGITAL,BANCO AJUSTE ALTURA,BANCOS DE COURO,CÂMBIO AUTOMÁTICO,CÂMERA DE RÉ,CAPOTA MARÍTIMA,CD / MP3,CENTRAL MULTIMIDIA,CONTROLE TRAÇÃO,DESEMBAÇADOR,DIREÇÃO HIDRÁULICA,FARÓIS AUXILIARES,MP3 / USB,PILOTO AUTOMÁTICO,RODAS DE LIGA LEVE,TRAÇÃO 4x4,TRAVAS ELÉTRICAS,VIDROS ELÉTRICOS,VOLANTE AJUSTÁVEL,VOLANTE COMANDO MULTIMÍDIA;Particular;Ipatinga;29/11/2022
3498256;08/11/2022;62.000,00;2.0;Nissan Sentra;Quilometragem,Câmbio,Ano - Modelo,Portas,Combustível,Placa,Troca?,cor;156.000 Km,Automático,2015/2016,5,Bi-Combustível,PWL,Não Aceita Troca,Prata;ABS,ALARME,AR QUENTE,AR-COND. DIGITAL,BANCO AJUSTE ALTURA,BANCOS DE COURO,CÂMBIO AUTOMÁTICO,CÂMERA DE RÉ,CENTRAL MULTIMIDIA,COMPUTADOR DE BORDO,CONTROLE ESTABILIDADE,DESEMBAÇADOR,DIREÇÃO ELÉTRICA,FARÓIS AUXILIARES,FARÓIS LED,GPS,LIMPADOR TRASEIRO,MP3 / USB,PROTETOR DE CAÇAMBA,RETROVISORES ELÉTRICOS,RODAS DE LIGA LEVE,SENSOR DE ESTACIONAMENTO,TRAVAS ELÉTRICAS,VIDROS ELÉTRICOS,VOLANTE AJUSTÁVEL,VOLANTE COMANDO MULTIMÍDIA;Particular;Belo Horizonte;29/11/2022
2674456;07/11/2022;37.990,00;1.6;Nissan March;Quilometragem,Câmbio,Ano - Modelo,Portas,Combustível,Placa,Troca?,cor;105.000 Km,Manual,2015/2015,5,Bi-Combustível,PVZ,Aceito Troca,Azul;ABS,AIR BAGS 2,ALARME,AR QUENTE,AR-COND. DIGITAL,CÂMBIO MANUAL,CÂMERA DE RÉ,CD / MP3,CENTRAL MULTIMIDIA,DESEMBAÇADOR,DIREÇÃO ELÉTRICA,DVD,FARÓIS AUXILIARES,GPS,LIMPADOR TRASEIRO,MP3 / USB,RETROVISORES ELÉTRICOS,RODAS DE LIGA LEVE,TRAVAS ELÉTRICAS,VIDROS ELÉTRICOS,VOLANTE AJUSTÁVEL,VOLANTE COMANDO MULTIMÍDIA;Particular;None;29/11/2022
3011341;24/11/2022;46.900,00;1.0;Nissan March;Quilometragem,Câmbio,Ano - Modelo,Portas,Combustível,Placa,Troca?,cor;73.000 Km,Manual,2014/2015,5,Bi-Combustível,PVI,Não Aceita Troca,Preto;ABS,ALARME,AR CONDICIONADO,AR QUENTE,BANCO AJUSTE ALTURA,CÂMBIO MANUAL,CÂMERA DE RÉ,CD / MP3,CENTRAL MULTIMIDIA,COMPUTADOR DE BORDO,CONTROLE ESTABILIDADE,CONTROLE TRAÇÃO,DESEMBAÇADOR,DIREÇÃO ELÉTRICA,DIREÇÃO HIDRÁULICA,DVD,EBD,ENGATE,LIMPADOR TRASEIRO,MP3 / USB,RETROVISORES ELÉTRICOS,SENSOR DE ESTACIONAMENTO,TRAVAS ELÉTRICAS,VIDROS ELÉTRICOS,VOLANTE AJUSTÁVEL,VOLANTE COMANDO MULTIMÍDIA;Particular;Belo Horizonte;29/11/2022
3121471;22/11/2022;130.500,00;2.5;Nissan Frontier;Quilometragem,Câmbio,Ano - Modelo,Portas,Combustível,Placa,Troca?,cor;132.000 Km,Automático,2016/2016,4,Diesel,PYE,Aceito Troca,Prata;ABS,ALARME,AR CONDICIONADO,AR QUENTE,AR-COND. DIGITAL,ASSIST. PARTIDA EM RAMPA,AWD,BANCO AJUSTE ALTURA,BANCOS DE COURO,CÂMBIO AUTOMÁTICO,CÂMERA DE RÉ,CAPOTA MARÍTIMA,CD / MP3,CENTRAL MULTIMIDIA,COMPUTADOR DE BORDO,CONTROLE TRAÇÃO,DESEMBAÇADOR,DIREÇÃO HIDRÁULICA,ENGATE,FARÓIS AUXILIARES,MP3 / USB,PROTETOR DE CAÇAMBA,RETROVISORES ELÉTRICOS,RODAS DE LIGA LEVE,SENSOR DE ESTACIONAMENTO,TRAÇÃO 4x4,TRAVAS ELÉTRICAS,TURBO,VIDROS ELÉTRICOS,VOLANTE AJUSTÁVEL,VOLANTE COMANDO MULTIMÍDIA;Particular;Belo Horizonte;29/11/2022
3577436;26/11/2022;49.000,00;1.6;Nissan Versa;Quilometragem,Câmbio,Ano - Modelo,Portas,Combustível,Placa,Troca?,cor;103.000 Km,Manual,2015/2016,4,Bi-Combustível,PXG,Não Aceita Troca,Branco;ABS,AR CONDICIONADO,AR QUENTE,BANCO AJUSTE ALTURA,CÂMBIO MANUAL,CD / MP3,COMPUTADOR DE BORDO,DIREÇÃO ELÉTRICA,FARÓIS AUXILIARES,MP3 / USB,RETROVISORES ELÉTRICOS,RODAS DE LIGA LEVE,SENSOR DE ESTACIONAMENTO,TRAVAS ELÉTRICAS,VIDROS ELÉTRICOS,VOLANTE AJUSTÁVEL,VOLANTE COMANDO MULTIMÍDIA;Particular;Belo Horizonte;29/11/2022
3552338;22/11/2022;59.500,00;2.0;Nissan Sentra;Quilometragem,Câmbio,Ano - Modelo,Portas,Combustível,Placa,Troca?,cor;90.000 Km,Automático,2015/2016,4,Bi-Combustível,FDF,Não Aceita Troca,Branco;ABS,ALARME,AR CONDICIONADO,AR QUENTE,AR-COND. DIGITAL,BANCO AJUSTE ALTURA,BANCOS DE COURO,CÂMBIO AUTOMÁTICO,CÂMERA DE RÉ,CENTRAL MULTIMIDIA,COMPUTADOR DE BORDO,CONTROLE ESTABILIDADE,DESEMBAÇADOR,DIREÇÃO ELÉTRICA,ENGATE,FARÓIS AUXILIARES,RODAS DE LIGA LEVE,SENSOR DE ESTACIONAMENTO,TRAVAS ELÉTRICAS,VIDROS ELÉTRICOS,VOLANTE AJUSTÁVEL,VOLANTE COMANDO MULTIMÍDIA;Particular;Belo Horizonte;29/11/2022
3402645;16/11/2022;108.000,00;2.5;Nissan Frontier;Quilometragem,Câmbio,Ano - Modelo,Portas,Combustível,Placa,Troca?,cor;166.000 Km,Automático,2014/2014,4,Diesel,PUD,Aceito Troca,Prata;ABS,ALARME,AR CONDICIONADO,AR QUENTE,AR-COND. DIGITAL,BANCO AJUSTE ALTURA,BANCOS DE COURO,CÂMBIO AUTOMÁTICO,CÂMERA DE RÉ,CAPOTA MARÍTIMA,CD / MP3,CONTROLE ESTABILIDADE,CONTROLE TRAÇÃO,DESEMBAÇADOR,DIREÇÃO HIDRÁULICA,ENGATE,PILOTO AUTOMÁTICO,PROTETOR DE CAÇAMBA,TRAÇÃO 4x4,TRAVAS ELÉTRICAS,TURBO,VOLANTE AJUSTÁVEL;Particular;Belo Horizonte;29/11/2022
3561885;15/11/2022;59.900,00;2.0;Nissan Sentra;Quilometragem,Câmbio,Ano - Modelo,Portas,Combustível,Placa,Troca?,cor;85.000 Km,Automático,2015/2016,4,Bi-Combustível,PWV,Não Aceita Troca,Azul;ABS,ALARME,AR CONDICIONADO,AR-COND. DIGITAL,ASSIST. PARTIDA EM RAMPA,BANCO AJUSTE ALTURA,BANCOS DE COURO,CÂMBIO AUTOMÁTICO,CÂMERA DE RÉ,CD / MP3,CENTRAL MULTIMIDIA,COMPUTADOR DE BORDO,CONTROLE TRAÇÃO,DESEMBAÇADOR,DIREÇÃO ELÉTRICA,ENGATE,FARÓIS AUXILIARES,GPS,MP3 / USB,PILOTO AUTOMÁTICO,RETROVISORES ELÉTRICOS,RODAS DE LIGA LEVE,SENSOR DE ESTACIONAMENTO,TRAVAS ELÉTRICAS,VIDROS ELÉTRICOS,VOLANTE AJUSTÁVEL,VOLANTE COMANDO MULTIMÍDIA;Particular;Bom Despacho;29/11/2022
3562910;14/11/2022;58.900,00;2.0;Nissan Sentra;Quilometragem,Câmbio,Ano - Modelo,Portas,Combustível,Placa,Troca?,cor;60.500 Km,Automático,2014/2014,4,Bi-Combustível,PUN,Não Aceita Troca,Preto;ABS,AIR BAGS 2,ALARME,AR QUENTE,AR-COND. DIGITAL,BANCO AJUSTE ALTURA,BANCOS DE COURO,CÂMBIO AUTOMÁTICO,CÂMERA DE RÉ,CENTRAL MULTIMIDIA,COMPUTADOR DE BORDO,DESEMBAÇADOR,DIREÇÃO ELÉTRICA,ENGATE,FARÓIS AUXILIARES,GPS,PILOTO AUTOMÁTICO,RETROVISORES ELÉTRICOS,RODAS DE LIGA LEVE,SENSOR DE ESTACIONAMENTO,TRAVAS ELÉTRICAS,VIDROS ELÉTRICOS,VOLANTE AJUSTÁVEL,VOLANTE COMANDO MULTIMÍDIA;Particular;Belo Horizonte;29/11/2022
3485557;10/11/2022;42.900,00;1.6;Nissan March;Quilometragem,Câmbio,Ano - Modelo,Portas,Combustível,Placa,Troca?,cor;44.000 Km,Manual,2013/2014,4,Bi-Combustível,OWN,Aceito Troca,Prata;ABS,AIR BAGS 2,AR CONDICIONADO,AR QUENTE,BANCO AJUSTE ALTURA,CÂMBIO MANUAL,CD / MP3,COMPUTADOR DE BORDO,DESEMBAÇADOR,DIREÇÃO ELÉTRICA,FARÓIS AUXILIARES,LIMPADOR TRASEIRO,MP3 / USB,RETROVISORES ELÉTRICOS,TRAVAS ELÉTRICAS,VIDROS ELÉTRICOS;Particular;Belo Horizonte;29/11/2022
3553273;07/11/2022;35.900,00;1.0;Nissan March;Quilometragem,Câmbio,Ano - Modelo,Portas,Combustível,Placa,Troca?,cor;80.000 Km,Manual,2013/2014,4,Bi-Combustível,IUU,Aceito Troca,Prata;ABS,ALARME,AR CONDICIONADO,AR QUENTE,BANCO AJUSTE ALTURA,CÂMBIO MANUAL,CÂMERA DE RÉ,CENTRAL MULTIMIDIA,COMPUTADOR DE BORDO,DESEMBAÇADOR,DIREÇÃO ELÉTRICA,FARÓIS AUXILIARES,LIMPADOR TRASEIRO,RETROVISORES ELÉTRICOS,TRAVAS ELÉTRICAS,VIDROS ELÉTRICOS,VOLANTE AJUSTÁVEL;Particular;Belo Horizonte;29/11/2022
3547285;02/11/2022;129.900,00;2.5;Nissan Frontier;Quilometragem,Câmbio,Ano - Modelo,Portas,Combustível,Placa,Troca?,cor;69.000 Km,Automático,2014/2015,4,Diesel,QDD,Aceito Troca,Preto;ABS,AIR BAGS 2,ALARME,AR CONDICIONADO,AR QUENTE,BANCO AJUSTE ALTURA,BANCOS DE COURO,CÂMBIO AUTOMÁTICO,CAPOTA MARÍTIMA,CENTRAL MULTIMIDIA,COMPUTADOR DE BORDO,CONTROLE ESTABILIDADE,CONTROLE TRAÇÃO,DESEMBAÇADOR,DIREÇÃO HIDRÁULICA,DVD,FARÓIS AUXILIARES,MP3 / USB,PILOTO AUTOMÁTICO,PROTETOR DE CAÇAMBA,RETROVISORES ELÉTRICOS,RODAS DE LIGA LEVE,TRAÇÃO 4x4,TRAVAS ELÉTRICAS,TURBO,VIDROS ELÉTRICOS,VOLANTE AJUSTÁVEL,VOLANTE COMANDO MULTIMÍDIA;Particular;Belo Horizonte;29/11/2022
3546540;29/11/2022;29.000,00;1.0;Nissan March;Quilometragem,Câmbio,Ano - Modelo,Portas,Combustível,Placa,Troca?,cor;118.000 Km,Manual,2013/2014,5,Bi-Combustível,PGN,Aceito Troca,Prata;ALARME,AR CONDICIONADO,AR QUENTE,CÂMBIO MANUAL,DIREÇÃO HIDRÁULICA,TRAVAS ELÉTRICAS,VIDROS ELÉTRICOS;Particular;Belo Horizonte;29/11/2022
3109572;29/11/2022;39.900,00;1.0;Nissan March;Quilometragem,Câmbio,Ano - Modelo,Portas,Combustível,Placa,Troca?,cor;95.000 Km,Manual,2014/2015,5,Bi-Combustível,PVJ,Aceito Troca,Branco;ABS,AIR BAGS 2,AR CONDICIONADO,AR QUENTE,CÂMBIO MANUAL,DIREÇÃO HIDRÁULICA,TRAVAS ELÉTRICAS,VIDROS ELÉTRICOS;Profissional;Av Pedro II, 1900, Santo Andre, Belo Horizonte - 30710-010;29/11/2022
3578775;29/11/2022;39.699,00;1.0;Nissan March;Quilometragem,Câmbio,Ano - Modelo,Portas,Combustível,Placa,Troca?,cor;84.000 Km,Manual,2015/2015,4,Bi-Combustível,FUO,Aceito Troca,Branco;ABS,AIR BAGS 1,AIR BAGS 2,CÂMBIO MANUAL,MP3 / USB,RODAS DE LIGA LEVE;Profissional;Avenida Afonso Vaz de Melo, 640 ViaShopping Barreiro - Torre b - G6, Barreiro, Belo Horizonte - 30640-070;29/11/2022
3578889;29/11/2022;38.900,00;1.0;Nissan March;Quilometragem,Câmbio,Ano - Modelo,Portas,Combustível,Placa,Troca?,cor;124.659 Km,Manual,2013/2014,4,Bi-Combustível,OWK,Aceito Troca,Cinza;ALARME,AR CONDICIONADO,AR QUENTE,CÂMBIO MANUAL,CD / MP3,COMPUTADOR DE BORDO,DIREÇÃO HIDRÁULICA,MP3 / USB,RETROVISORES ELÉTRICOS,RODAS DE LIGA LEVE,TRAVAS ELÉTRICAS,VIDROS ELÉTRICOS;Profissional;Av Vilarinho, 1251, venda nova, Belo Horizonte - 31315-250;29/11/2022
3477731;28/11/2022;136.900,00;SL;Nissan Frontier;Quilometragem,Câmbio,Ano - Modelo,Portas,Combustível,Placa,Troca?,cor;115.000 Km,Automático,2015/2016,4,Diesel,PXA,Aceito Troca,Branco;ABS,AIR BAGS 2,AR CONDICIONADO,AR QUENTE,AWD,BANCO AJUSTE ALTURA,BANCOS DE COURO,CÂMBIO AUTOMÁTICO,CÂMERA DE RÉ,CAPOTA MARÍTIMA,CD / MP3,CENTRAL MULTIMIDIA,COMPUTADOR DE BORDO,CONTROLE ESTABILIDADE,CONTROLE TRAÇÃO,DESEMBAÇADOR,DIREÇÃO HIDRÁULICA,ENGATE,FARÓIS AUXILIARES,GPS,MP3 / USB,PILOTO AUTOMÁTICO,PROTETOR DE CAÇAMBA,RETROVISORES ELÉTRICOS,RODAS DE LIGA LEVE,SENSOR DE ESTACIONAMENTO,TRAÇÃO 4x4,TRAVAS ELÉTRICAS,TURBO,VIDROS ELÉTRICOS,VOLANTE AJUSTÁVEL,VOLANTE COMANDO MULTIMÍDIA;Profissional;Av. Raja Gabaglia, 2.000 - Torre 2 - Sala 827, Estoril, Belo Horizonte - 30494-170;29/11/2022
3577884;28/11/2022;108.900,00;S;Nissan Frontier;Quilometragem,Câmbio,Ano - Modelo,Portas,Combustível,Placa,Troca?,cor;143.225 Km,Manual,2013/2014,4,Diesel,OWY,Aceito Troca,Branco;ABS,AIR BAGS 4,ALARME,AR CONDICIONADO,AR QUENTE,BANCO AJUSTE ALTURA,CÂMBIO MANUAL,CAPOTA MARÍTIMA,CENTRAL MULTIMIDIA,COMPUTADOR DE BORDO,DESEMBAÇADOR,DIREÇÃO HIDRÁULICA,FARÓIS AUXILIARES,MP3 / USB,PROTETOR DE CAÇAMBA,RODAS DE LIGA LEVE,TRAVAS ELÉTRICAS,VIDROS ELÉTRICOS;Profissional;Rua Jose Rodrigues Guilherme , 876, nossa senhora do carmo, Contagem - 32015-540;29/11/2022
3578166;28/11/2022;44.900,00;1.6;Nissan Versa;Quilometragem,Câmbio,Ano - Modelo,Portas,Combustível,Placa,Troca?,cor;152 Km,Manual,2016/2016,4,Bi-Combustível,PXR,Aceito Troca,Preto;ABS,AIR BAGS 1,AIR BAGS 2,ALARME,AR CONDICIONADO,CÂMBIO MANUAL,CAPOTA MARÍTIMA,CD / MP3,CENTRAL MULTIMIDIA,COMPUTADOR DE BORDO,DESEMBAÇADOR,DIREÇÃO HIDRÁULICA,MP3 / USB,RETROVISORES ELÉTRICOS,TRAVAS ELÉTRICAS,VIDROS ELÉTRICOS,VOLANTE AJUSTÁVEL;Profissional;AV CRISTIANO MACHADO, 2355, Silveira, Belo Horizonte - 31140-560;29/11/2022
3449903;27/11/2022;36.900,00;1.6;Nissan March;Quilometragem,Câmbio,Ano - Modelo,Portas,Combustível,Placa,Troca?,cor;140.000 Km,Manual,2013/2014,4,Bi-Combustível,OQI,Aceito Troca,Branco;ABS,AIR BAGS 2,ALARME,AR CONDICIONADO,AR QUENTE,CÂMBIO MANUAL,CD / MP3,COMPUTADOR DE BORDO,DESEMBAÇADOR,DIREÇÃO ELÉTRICA,FARÓIS AUXILIARES,LIMPADOR TRASEIRO,MP3 / USB,RETROVISORES ELÉTRICOS,RODAS DE LIGA LEVE,TRAVAS ELÉTRICAS,VIDROS ELÉTRICOS;Profissional;Av Francisco Sa, 700, Prado, Belo Horizonte - 30710-160;29/11/2022
3541905;26/11/2022;123.900,00;2.5;Nissan Frontier;Quilometragem,Câmbio,Ano - Modelo,Portas,Combustível,Placa,Troca?,cor;121.980 Km,Automático,2014/2015,5,Diesel,OTW,Aceito Troca,Cinza;ABS,AIR BAGS 2,ALARME,AR CONDICIONADO,AR QUENTE,BANCOS DE COURO,CÂMBIO AUTOMÁTICO,CAPOTA MARÍTIMA,CONTROLE ESTABILIDADE,CONTROLE TRAÇÃO,DIREÇÃO HIDRÁULICA,RODAS DE LIGA LEVE,TRAÇÃO 4x4,TRAVAS ELÉTRICAS,VIDROS ELÉTRICOS,VOLANTE COMANDO MULTIMÍDIA;Profissional;Avenida Tito Fulgencio, 945, Jardim Industrial , Contagem - 32230-000;29/11/2022
3577234;26/11/2022;44.880,00;16SL;Nissan Versa;Quilometragem,Câmbio,Ano - Modelo,Portas,Combustível,Placa,Troca?,cor;121.993 Km,Manual,2014/2014,4,Bi-Combustível,PUN,Aceito Troca,Cinza;ABS,AIR BAGS 2,AR CONDICIONADO,AR QUENTE,CÂMBIO MANUAL,CD / MP3,COMPUTADOR DE BORDO,DESEMBAÇADOR,DIREÇÃO ELÉTRICA,LIMPADOR TRASEIRO,MP3 / USB,TRAVAS ELÉTRICAS,VIDROS ELÉTRICOS,VOLANTE AJUSTÁVEL,VOLANTE COMANDO MULTIMÍDIA;Profissional;AV DOM PEDRO II, 1900 loja 254, Santo Andre, Belo Horizonte - 31230-052;29/11/2022
3576482;25/11/2022;134.700,00;2.5;Nissan Frontier;Quilometragem,Câmbio,Ano - Modelo,Portas,Combustível,Placa,Troca?,cor;91.941 Km,Automático,2016/2016,4,Diesel,BAN,Aceito Troca,Prata;ABS,AIR BAGS 1,AIR BAGS 2,ALARME,AR QUENTE,AR-COND. DIGITAL,BANCO AJUSTE ALTURA,BANCOS DE COURO,CÂMBIO AUTOMÁTICO,CAPOTA MARÍTIMA,COMPUTADOR DE BORDO,CONTROLE TRAÇÃO,DESEMBAÇADOR,DIREÇÃO HIDRÁULICA,PILOTO AUTOMÁTICO,PROTETOR DE CAÇAMBA,RETROVISORES ELÉTRICOS,RODAS DE LIGA LEVE,SENSOR DE ESTACIONAMENTO,TRAÇÃO 4x4,TRAVAS ELÉTRICAS,VIDROS ELÉTRICOS,VOLANTE AJUSTÁVEL,VOLANTE COMANDO MULTIMÍDIA;Profissional;Av Jair Rodrigues do Vale, 149, Inconfidentes, Contagem - 32260-080;29/11/2022
3414194;24/11/2022;38.900,00;1.6;Nissan March;Quilometragem,Câmbio,Ano - Modelo,Portas,Combustível,Placa,Troca?,cor;85.000 Km,Manual,2013/2014,4,Bi-Combustível,OQP,Aceito Troca,Prata;ABS,AIR BAGS 2,ALARME,AR CONDICIONADO,BANCO AJUSTE ALTURA,CÂMBIO MANUAL,CD / MP3,DESEMBAÇADOR,DIREÇÃO HIDRÁULICA,LIMPADOR TRASEIRO,SENSOR DE ESTACIONAMENTO,TRAVAS ELÉTRICAS,VIDROS ELÉTRICOS;Profissional;Av. Dom Pedro II , 1793, Carlos Prates, Belo Horizonte - 30710-010;29/11/2022
3573894;23/11/2022;122.900,00;2.5;Nissan Frontier;Quilometragem,Câmbio,Ano - Modelo,Portas,Combustível,Placa,Troca?,cor;99.000 Km,Manual,2014/2015,4,Diesel,PVJ,Aceito Troca,Prata;ABS,AIR BAGS 1,AIR BAGS 2,AR CONDICIONADO,AR QUENTE,CÂMBIO MANUAL,CAPOTA MARÍTIMA,CD / MP3,COMPUTADOR DE BORDO,DESEMBAÇADOR,MP3 / USB,PROTETOR DE CAÇAMBA,RETROVISORES ELÉTRICOS,TRAVAS ELÉTRICAS,VIDROS ELÉTRICOS;Profissional;AV DOM PEDRO II, 1900, Santo Andre, Belo Horizonte - 31230-052;29/11/2022
3573428;23/11/2022;52.900,00;SL;Nissan Versa;Quilometragem,Câmbio,Ano - Modelo,Portas,Combustível,Placa,Troca?,cor;101.000 Km,Manual,2016/2016,4,Bi-Combustível,KRP,Aceito Troca,Vermelho;ABS,AIR BAGS 2,AR QUENTE,AR-COND. DIGITAL,BANCOS DE COURO,CÂMBIO MANUAL,CÂMERA DE RÉ,CD / MP3,CENTRAL MULTIMIDIA,COMPUTADOR DE BORDO,DESEMBAÇADOR,DIREÇÃO HIDRÁULICA,FARÓIS AUXILIARES,MP3 / USB,RETROVISORES ELÉTRICOS,RODAS DE LIGA LEVE,TRAVAS ELÉTRICAS,VIDROS ELÉTRICOS,VOLANTE COMANDO MULTIMÍDIA;Profissional;Av Dom Pedro I, 1070, Itapua, Belo Horizonte - 31710-000;29/11/2022
3572795;23/11/2022;43.800,00;SV;Nissan March;Quilometragem,Câmbio,Ano - Modelo,Portas,Combustível,Placa,Troca?,cor;47.000 Km,Manual,2015/2016,5,Bi-Combustível,BAG,Aceito Troca,Preto;ABS,AIR BAGS 1,AIR BAGS 2,AR CONDICIONADO,AR QUENTE,CÂMBIO MANUAL,COMPUTADOR DE BORDO,DIREÇÃO ELÉTRICA,LIMPADOR TRASEIRO,MP3 / USB,TRAVAS ELÉTRICAS,VIDROS ELÉTRICOS;Profissional;Av Nossa Senhora do Carmo, 451, Sion, Belo Horizonte - 30310-000;29/11/2022
3571348;22/11/2022;56.499,00;2.0;Nissan Sentra;Quilometragem,Câmbio,Ano - Modelo,Portas,Combustível,Placa,Troca?,cor;110.186 Km,Automático,2016/2016,4,Bi-Combustível,PWX,Aceito Troca,Azul;ABS,AIR BAGS 1,AIR BAGS 2,BANCOS DE COURO,CÂMBIO AUTOMÁTICO,MP3 / USB,RODAS DE LIGA LEVE;Profissional;Avenida Afonso Vaz de Melo, 640 ViaShopping Barreiro - Torre b - G6, Barreiro, Belo Horizonte - 30640-070;29/11/2022
3571270;22/11/2022;44.900,00;SV;Nissan March;Quilometragem,Câmbio,Ano - Modelo,Portas,Combustível,Placa,Troca?,cor;71.000 Km,Manual,2015/2016,4,Bi-Combustível,PXD,Aceito Troca,Branco;ABS,AIR BAGS 2,ALARME,AR CONDICIONADO,AR QUENTE,CÂMBIO MANUAL,COMPUTADOR DE BORDO,DESEMBAÇADOR,DIREÇÃO ELÉTRICA,FARÓIS AUXILIARES,LIMPADOR TRASEIRO,MP3 / USB,RETROVISORES ELÉTRICOS,RODAS DE LIGA LEVE,TRAVAS ELÉTRICAS,VIDROS ELÉTRICOS,VOLANTE COMANDO MULTIMÍDIA;Profissional;Av Olinto Meireles, 1444, Milionarios, Belo Horizonte - 30620-330;29/11/2022
3572287;22/11/2022;36.699,00;1.0;Nissan March;Quilometragem,Câmbio,Ano - Modelo,Portas,Combustível,Placa,Troca?,cor;81.125 Km,Manual,2014/2014,4,Bi-Combustível,FFS,Aceito Troca,Preto;ABS,AIR BAGS 1,AIR BAGS 2,CÂMBIO MANUAL,MP3 / USB;Profissional;Avenida Afonso Vaz de Melo, 640 ViaShopping Barreiro - Torre b - G6, Barreiro, Belo Horizonte - 30640-070;29/11/2022
3570329;21/11/2022;43.499,00;1.0;Nissan March;Quilometragem,Câmbio,Ano - Modelo,Portas,Combustível,Placa,Troca?,cor;105.000 Km,Manual,2016/2016,4,Bi-Combustível,GBN,Aceito Troca,Prata;ABS,AIR BAGS 1,AIR BAGS 2,CÂMBIO MANUAL,MP3 / USB;Profissional;Avenida Afonso Vaz de Melo, 640 ViaShopping Barreiro - Torre b - G6, Barreiro, Belo Horizonte - 30640-070;29/11/2022
3570540;21/11/2022;44.799,00;1.6;Nissan March;Quilometragem,Câmbio,Ano - Modelo,Portas,Combustível,Placa,Troca?,cor;99.986 Km,Manual,2016/2016,4,Bi-Combustível,PWM,Aceito Troca,Vermelho;ABS,AIR BAGS 1,AIR BAGS 2,CÂMBIO MANUAL,MP3 / USB;Profissional;Avenida Afonso Vaz de Melo, 640 ViaShopping Barreiro - Torre b - G6, Barreiro, Belo Horizonte - 30640-070;29/11/2022
3497873;19/11/2022;125.900,00;S;Nissan Frontier;Quilometragem,Câmbio,Ano - Modelo,Portas,Combustível,Placa,Troca?,cor;Não informada,Manual,2016/2016,4,Diesel,PYA,Aceito Troca,Branco;ALARME,AR CONDICIONADO,AR QUENTE,CÂMBIO MANUAL,DIREÇÃO HIDRÁULICA,TRAÇÃO 4x4,TRAVAS ELÉTRICAS,VIDROS ELÉTRICOS;Profissional;Av. Cristiano Machado, 2620, Cidade Nova, Belo Horizonte - 31160-380;29/11/2022
