3509464;29/11/2022;61.900,00;1.4;Fiat Strada Cab. Simples;Quilometragem,Câmbio,Ano - Modelo,Portas,Combustível,Placa,Troca?,cor;55.000 Km,Manual,2019/2020,2,Bi-Combustível,QUL,Não Aceita Troca,Branco;ABS,AIR BAGS 2,ALARME,AR CONDICIONADO,AR QUENTE,CÂMBIO MANUAL,DIREÇÃO HIDRÁULICA,PROTETOR DE CAÇAMBA,TRAVAS ELÉTRICAS,VIDROS ELÉTRICOS;Particular;Belo Horizonte;29/11/2022
3451864;29/11/2022;151.900,00;2.0;Fiat Toro;Quilometragem,Câmbio,Ano - Modelo,Portas,Combustível,Placa,Troca?,cor;39.860 Km,Automático,2019/2020,6,Diesel,QUJ,Aceito Troca,Cinza;ABS,AIR BAGS 6,ALARME,AR QUENTE,AR-COND. DIGITAL,ASSIST. PARTIDA EM RAMPA,AWD,BANCO AJUSTE ALTURA,BANCOS DE COURO,CÂMBIO AUTOMÁTICO,CÂMERA DE RÉ,CAPOTA MARÍTIMA,CENTRAL MULTIMIDIA,COMPUTADOR DE BORDO,CONTROLE ESTABILIDADE,CONTROLE TRAÇÃO,DESEMBAÇADOR,DIREÇÃO ELÉTRICA,EBD,FARÓIS AUXILIARES,FARÓIS LED,FAROL XENÔNIO,LIMPADOR TRASEIRO,MP3 / USB,PILOTO AUTOMÁTICO,PROTETOR DE CAÇAMBA,RETROVISORES ELÉTRICOS,RODAS DE LIGA LEVE,SENSOR DE ESTACIONAMENTO,TRAÇÃO 4x4,TRAVAS ELÉTRICAS,TURBO,VIDROS ELÉTRICOS,VOLANTE AJUSTÁVEL,VOLANTE COMANDO MULTIMÍDIA;Particular;Belo Horizonte;29/11/2022
3470144;29/11/2022;84.900,00;1.8;Fiat Argo;Quilometragem,Câmbio,Ano - Modelo,Portas,Combustível,Placa,Troca?,cor;38.500 Km,Automático,2019/2020,5,Bi-Combustível,QUT,Não Aceita Troca,Cinza;ABS,AIR BAGS 2,ALARME,AR CONDICIONADO,AR QUENTE,AR-COND. DIGITAL,ASSIST. PARTIDA EM RAMPA,BANCO AJUSTE ALTURA,BANCOS DE COURO,CÂMBIO AUTOMÁTICO,CÂMERA DE RÉ,CENTRAL MULTIMIDIA,COMPUTADOR DE BORDO,CONTROLE ESTABILIDADE,CONTROLE TRAÇÃO,DIREÇÃO ELÉTRICA,DIREÇÃO HIDRÁULICA,EBD,LIMPADOR TRASEIRO,PILOTO AUTOMÁTICO,RETROVISORES ELÉTRICOS,RODAS DE LIGA LEVE,SENSOR DE ESTACIONAMENTO,TRAVAS ELÉTRICAS,VIDROS ELÉTRICOS,VOLANTE AJUSTÁVEL,VOLANTE COMANDO MULTIMÍDIA;Particular;Belo Horizonte;29/11/2022
3508120;28/11/2022;181.900,00;2.0;Fiat Toro;Quilometragem,Câmbio,Ano - Modelo,Portas,Combustível,Placa,Troca?,cor;19.000 Km,Automático,2021/2022,4,Diesel,RND,Não Aceita Troca,Cinza;ALARME,AR CONDICIONADO,AR QUENTE,CÂMBIO AUTOMÁTICO,DIREÇÃO HIDRÁULICA,TRAVAS ELÉTRICAS,VIDROS ELÉTRICOS;Particular;Sete Lagoas;29/11/2022
3577721;28/11/2022;68.000,00;1.3;Fiat Argo;Quilometragem,Câmbio,Ano - Modelo,Portas,Combustível,Placa,Troca?,cor;16.500 Km,Manual,2020/2021,4,Bi-Combustível,RML,Não Aceita Troca,Branco;ABS,ALARME,AR CONDICIONADO,AR QUENTE,BANCO AJUSTE ALTURA,CÂMBIO MANUAL,CD / MP3,CENTRAL MULTIMIDIA,COMPUTADOR DE BORDO,DESEMBAÇADOR,DIREÇÃO ELÉTRICA,FARÓIS LED,LIMPADOR TRASEIRO,MP3 / USB,SENSOR DE ESTACIONAMENTO,TRAVAS ELÉTRICAS,VIDROS ELÉTRICOS,VOLANTE COMANDO MULTIMÍDIA;Particular;Belo Horizonte;29/11/2022
3539134;27/11/2022;75.000,00;1.4;Fiat Fiorino Furgão;Quilometragem,Câmbio,Ano - Modelo,Portas,Combustível,Placa,Troca?,cor;90.721 Km,Manual,2020/2021,2,Bi-Combustível,RFR,Aceito Troca,Branco;ABS,AIR BAGS 2,AR CONDICIONADO,AR QUENTE,CÂMBIO MANUAL,COMPUTADOR DE BORDO,DIREÇÃO HIDRÁULICA,FARÓIS AUXILIARES,MP3 / USB,TRAVAS ELÉTRICAS,VIDROS ELÉTRICOS;Particular;Belo Horizonte;29/11/2022
3577464;27/11/2022;67.800,00;1.3;Fiat Cronos;Quilometragem,Câmbio,Ano - Modelo,Portas,Combustível,Placa,Troca?,cor;40.442 Km,Manual,2019/2020,4,Bi-Combustível,QXD,Não Aceita Troca,Branco;ABS,AIR BAGS 2,ALARME,AR-COND. DIGITAL,BANCO AJUSTE ALTURA,BANCOS DE COURO,CÂMBIO MANUAL,CÂMERA DE RÉ,CENTRAL MULTIMIDIA,COMPUTADOR DE BORDO,CONTROLE ESTABILIDADE,CONTROLE TRAÇÃO,DESEMBAÇADOR,DIREÇÃO ELÉTRICA,EBD,GPS,MP3 / USB,RETROVISORES ELÉTRICOS,SENSOR DE ESTACIONAMENTO,TRAVAS ELÉTRICAS,VIDROS ELÉTRICOS,VOLANTE AJUSTÁVEL,VOLANTE COMANDO MULTIMÍDIA;Particular;Belo Horizonte;29/11/2022
3577581;27/11/2022;74.000,00;1.3;Fiat Cronos;Quilometragem,Câmbio,Ano - Modelo,Portas,Combustível,Placa,Troca?,cor;36.000 Km,Manual,2021/2022,5,Bi-Combustível,RNN,Aceito Troca,Prata;ABS,AIR BAGS 2,ALARME,AR CONDICIONADO,AR QUENTE,CÂMBIO MANUAL,CD / MP3,COMPUTADOR DE BORDO,DESEMBAÇADOR,DIREÇÃO ELÉTRICA,MP3 / USB,TRAVAS ELÉTRICAS,VIDROS ELÉTRICOS,VOLANTE AJUSTÁVEL;Particular;Belo Horizonte;29/11/2022
3577131;26/11/2022;93.000,00;1.3;Fiat Strada Cab. Simples;Quilometragem,Câmbio,Ano - Modelo,Portas,Combustível,Placa,Troca?,cor;11.000 Km,Manual,2021/2022,2,Bi-Combustível,RNZ,Não Aceita Troca,Prata;AIR BAGS 2,ALARME,AR CONDICIONADO,AR QUENTE,ASSIST. PARTIDA EM RAMPA,CÂMBIO MANUAL,CAPOTA MARÍTIMA,DIREÇÃO ELÉTRICA,DIREÇÃO HIDRÁULICA,FARÓIS AUXILIARES,RODAS DE LIGA LEVE,TRAVAS ELÉTRICAS,VIDROS ELÉTRICOS,VOLANTE COMANDO MULTIMÍDIA;Particular;Belo Horizonte;29/11/2022
3577096;26/11/2022;54.900,00;1.0;Fiat Argo;Quilometragem,Câmbio,Ano - Modelo,Portas,Combustível,Placa,Troca?,Leilão,cor;86.000 Km,Manual,2019/2020,4,Bi-Combustível,QWR,Não Aceita Troca,Proveniente de leilão,Prata;ALARME,AR CONDICIONADO,AR QUENTE,CÂMBIO MANUAL,DIREÇÃO ELÉTRICA,DIREÇÃO HIDRÁULICA,MP3 / USB,TRAVAS ELÉTRICAS,VIDROS ELÉTRICOS,VOLANTE AJUSTÁVEL;Particular;Contagem;29/11/2022
3574132;24/11/2022;90.000,00;1.3;Fiat Strada Cab. Simples;Quilometragem,Câmbio,Ano - Modelo,Portas,Combustível,Placa,Troca?,cor;17.500 Km,Manual,2021/2021,2,Bi-Combustível,RNA,Não Aceita Troca,Branco;ABS,AIR BAGS 2,ALARME,AR CONDICIONADO,AR QUENTE,ASSIST. PARTIDA EM RAMPA,BANCO AJUSTE ALTURA,CÂMBIO MANUAL,CÂMERA DE RÉ,CAPOTA MARÍTIMA,CENTRAL MULTIMIDIA,COMPUTADOR DE BORDO,CONTROLE ESTABILIDADE,CONTROLE TRAÇÃO,DIREÇÃO ELÉTRICA,EBD,FARÓIS AUXILIARES,GPS,PROTETOR DE CAÇAMBA,RETROVISORES ELÉTRICOS,RODAS DE LIGA LEVE,SENSOR DE ESTACIONAMENTO,TRAVAS ELÉTRICAS,VIDROS ELÉTRICOS,VOLANTE AJUSTÁVEL,VOLANTE COMANDO MULTIMÍDIA;Particular;Belo Horizonte;29/11/2022
3478926;24/11/2022;158.900,00;2.0;Fiat Toro;Quilometragem,Câmbio,Ano - Modelo,Portas,Combustível,Placa,Troca?,cor;21.892 Km,Automático,2019/2020,4,Diesel,QUU,Aceito Troca,Marrom;ABS,AIR BAGS 7,ALARME,AR CONDICIONADO,AR QUENTE,AR-COND. DIGITAL,BANCO AJUSTE ALTURA,BANCOS DE COURO,CÂMBIO AUTOMÁTICO,CÂMERA DE RÉ,CAPOTA MARÍTIMA,CENTRAL MULTIMIDIA,COMPUTADOR DE BORDO,CONTROLE ESTABILIDADE,CONTROLE TRAÇÃO,DESEMBAÇADOR,DIREÇÃO ELÉTRICA,DIREÇÃO HIDRÁULICA,EBD,ENGATE,FARÓIS AUXILIARES,FARÓIS LED,FAROL XENÔNIO,GPS,MP3 / USB,PILOTO AUTOMÁTICO,PROTETOR DE CAÇAMBA,RETROVISORES ELÉTRICOS,RODAS DE LIGA LEVE,SENSOR DE ESTACIONAMENTO,TRAÇÃO 4x4,TRAVAS ELÉTRICAS,TURBO,VIDROS ELÉTRICOS,VOLANTE AJUSTÁVEL,VOLANTE COMANDO MULTIMÍDIA;Particular;Belo Horizonte;29/11/2022
3574127;24/11/2022;156.900,00;2.0;Fiat Toro;Quilometragem,Câmbio,Ano - Modelo,Portas,Combustível,Placa,Troca?,cor;60.000 Km,Automático,2019/2020,4,Diesel,QUZ,Não Aceita Troca,Prata;ABS,ALARME,AR CONDICIONADO,AR QUENTE,ASSIST. PARTIDA EM RAMPA,BANCO AJUSTE ALTURA,BANCOS DE COURO,CÂMBIO AUTOMÁTICO,CÂMERA DE RÉ,CAPOTA MARÍTIMA,CENTRAL MULTIMIDIA,COMPUTADOR DE BORDO,CONTROLE ESTABILIDADE,CONTROLE TRAÇÃO,DESEMBAÇADOR,DIREÇÃO ELÉTRICA,DVD,ENGATE,FARÓIS AUXILIARES,PILOTO AUTOMÁTICO,PROTETOR DE CAÇAMBA,RETROVISORES ELÉTRICOS,RODAS DE LIGA LEVE,SENSOR DE ESTACIONAMENTO,TRAÇÃO 4x4,TRAVAS ELÉTRICAS,VIDROS ELÉTRICOS,VOLANTE AJUSTÁVEL,VOLANTE COMANDO MULTIMÍDIA;Particular;Belo Horizonte;29/11/2022
3533405;24/11/2022;54.990,00;1.0;Fiat Argo;Quilometragem,Câmbio,Ano - Modelo,Portas,Combustível,Placa,Troca?,Leilão,cor;82.300 Km,Manual,2019/2020,4,Bi-Combustível,QUN,Não Aceita Troca,Proveniente de leilão,Prata;ABS,AIR BAGS 2,ALARME,AR CONDICIONADO,AR QUENTE,BANCO AJUSTE ALTURA,CÂMBIO MANUAL,COMPUTADOR DE BORDO,DESEMBAÇADOR,DIREÇÃO ELÉTRICA,LIMPADOR TRASEIRO,MP3 / USB,TRAVAS ELÉTRICAS,VIDROS ELÉTRICOS,VOLANTE AJUSTÁVEL,VOLANTE COMANDO MULTIMÍDIA;Particular;Lagoa Dourada;29/11/2022
3537672;23/11/2022;69.900,00;1.4;Fiat Fiorino Furgão;Quilometragem,Câmbio,Ano - Modelo,Portas,Combustível,Placa,Troca?,cor;72.400 Km,Manual,2019/2020,2,Bi-Combustível,QQK,Não Aceita Troca,Branco;ABS,AIR BAGS 2,AR CONDICIONADO,CÂMBIO MANUAL;Particular;Belo Horizonte;29/11/2022
3536969;23/11/2022;137.000,00;2.0;Fiat Toro;Quilometragem,Câmbio,Ano - Modelo,Portas,Combustível,Placa,Troca?,cor;93.000 Km,Automático,2019/2020,4,Diesel,QUP,Aceito Troca,Branco;ABS,AIR BAGS 7,ALARME,AR CONDICIONADO,AR QUENTE,AR-COND. DIGITAL,ASSIST. PARTIDA EM RAMPA,BANCO AJUSTE ALTURA,BANCOS DE COURO,CÂMBIO AUTOMÁTICO,CÂMERA DE RÉ,CAPOTA MARÍTIMA,CENTRAL MULTIMIDIA,COMPUTADOR DE BORDO,CONTROLE ESTABILIDADE,CONTROLE TRAÇÃO,DESEMBAÇADOR,DIREÇÃO HIDRÁULICA,DVD,ENGATE,FARÓIS AUXILIARES,FARÓIS LED,GPS,MP3 / USB,PILOTO AUTOMÁTICO,PROTETOR DE CAÇAMBA,RETROVISORES ELÉTRICOS,RODAS DE LIGA LEVE,SENSOR DE ESTACIONAMENTO,TRAÇÃO 4x4,TRAVAS ELÉTRICAS,TURBO,VIDROS ELÉTRICOS,VOLANTE AJUSTÁVEL,VOLANTE COMANDO MULTIMÍDIA;Particular;Belo Horizonte;29/11/2022
3250489;23/11/2022;89.500,00;1.8;Fiat Argo;Quilometragem,Câmbio,Ano - Modelo,Portas,Combustível,Placa,Troca?,cor;24.500 Km,Automático,2021/2021,4,Bi-Combustível,RMN,Não Aceita Troca,Branco;ABS,ALARME,AR-COND. DIGITAL,BANCO AJUSTE ALTURA,BANCOS DE COURO,CÂMBIO AUTOMÁTICO,CÂMERA DE RÉ,CENTRAL MULTIMIDIA,COMPUTADOR DE BORDO,DIREÇÃO ELÉTRICA,FARÓIS AUXILIARES,FARÓIS LED,GPS,LIMPADOR TRASEIRO,PILOTO AUTOMÁTICO,RETROVISORES ELÉTRICOS,RODAS DE LIGA LEVE,SENSOR DE ESTACIONAMENTO,TRAVAS ELÉTRICAS,VIDROS ELÉTRICOS,VOLANTE AJUSTÁVEL,VOLANTE COMANDO MULTIMÍDIA;Particular;Contagem;29/11/2022
3535402;21/11/2022;160.000,00;1.3;Fiat Toro;Quilometragem,Câmbio,Ano - Modelo,Portas,Combustível,Placa,Troca?,cor;19.800 Km,Automático,2021/2022,4,Bi-Combustível,RTD,Não Aceita Troca,Branco;7 LUGARES,ABS,AIR BAGS 6,ALARME,AR CONDICIONADO,AR QUENTE,AR-COND. DIGITAL,ASSIST. PARTIDA EM RAMPA,AWD,BANCO AJUSTE ALTURA,BANCOS DE COURO,CÂMBIO AUTOMÁTICO,CÂMERA DE RÉ,CAPOTA MARÍTIMA,CENTRAL MULTIMIDIA,COMPUTADOR DE BORDO,CONTROLE ESTABILIDADE,CONTROLE TRAÇÃO,DESEMBAÇADOR,DIREÇÃO ELÉTRICA,FARÓIS LED,GPS,MP3 / USB,PILOTO AUTOMÁTICO,PROTETOR DE CAÇAMBA,RETROVISORES ELÉTRICOS,RODAS DE LIGA LEVE,SENSOR DE ESTACIONAMENTO,TRAVAS ELÉTRICAS,TURBO,VIDROS ELÉTRICOS,VOLANTE AJUSTÁVEL,VOLANTE COMANDO MULTIMÍDIA;Particular;Belo Horizonte;29/11/2022
3569859;21/11/2022;78.900,00;1.3;Fiat Argo;Quilometragem,Câmbio,Ano - Modelo,Portas,Combustível,Placa,Troca?,cor;10.600 Km,Manual,2021/2022,5,Bi-Combustível,RNY,Aceito Troca,Branco;ABS,AIR BAGS 2,ALARME,AR CONDICIONADO,AR QUENTE,AR-COND. DIGITAL,ASSIST. PARTIDA EM RAMPA,BANCO AJUSTE ALTURA,CÂMBIO MANUAL,CD / MP3,CENTRAL MULTIMIDIA,COMPUTADOR DE BORDO,CONTROLE ESTABILIDADE,CONTROLE TRAÇÃO,DESEMBAÇADOR,DIREÇÃO ELÉTRICA,EBD,ENGATE,FARÓIS AUXILIARES,FARÓIS LED,GPS,LIMPADOR TRASEIRO,MP3 / USB,RETROVISORES ELÉTRICOS,RODAS DE LIGA LEVE,SENSOR DE ESTACIONAMENTO,TRAVAS ELÉTRICAS,VIDROS ELÉTRICOS,VOLANTE AJUSTÁVEL,VOLANTE COMANDO MULTIMÍDIA;Particular;Contagem;29/11/2022
3578902;29/11/2022;52.700,00;1.0;Fiat Mobi;Quilometragem,Câmbio,Ano - Modelo,Portas,Combustível,Placa,Troca?,cor;43.479 Km,Manual,2021/2021,4,Bi-Combustível,RMZ,Aceito Troca,Prata;ABS,AIR BAGS 2,AR CONDICIONADO,AR QUENTE,CÂMBIO MANUAL,COMPUTADOR DE BORDO,DESEMBAÇADOR,DIREÇÃO HIDRÁULICA,TRAVAS ELÉTRICAS,VIDROS ELÉTRICOS;Profissional;Av Tereza Cristina, 2960, Padre Eustaquio, Belo Horizonte - 30720-230;29/11/2022
3511015;29/11/2022;75.000,00;1.4;Fiat Strada Cab. Simples;Quilometragem,Câmbio,Ano - Modelo,Portas,Combustível,Placa,Troca?,Leilão,cor;50.000 Km,Manual,2020/2021,2,Bi-Combustível,RFW,Não Aceita Troca,Proveniente de leilão,Branco;ABS,ALARME,AR CONDICIONADO,AR QUENTE,ASSIST. PARTIDA EM RAMPA,BANCO AJUSTE ALTURA,CÂMBIO MANUAL,CD / MP3,DIREÇÃO HIDRÁULICA,PROTETOR DE CAÇAMBA,TRAVAS ELÉTRICAS,VIDROS ELÉTRICOS;Profissional;Av Amazonas, 3865 / 3875 PROX VIADUTO SILVA LOBO, Barroca, Belo Horizonte - 30431-025;29/11/2022
3578865;29/11/2022;64.900,00;1.0;Fiat Argo;Quilometragem,Câmbio,Ano - Modelo,Portas,Combustível,Placa,Troca?,cor;101.958 Km,Manual,2020/2021,4,Bi-Combustível,RFQ,Aceito Troca,Branco;AIR BAGS 1,AIR BAGS 2,AR CONDICIONADO,AR QUENTE,CÂMBIO MANUAL,CD / MP3,CENTRAL MULTIMIDIA,COMPUTADOR DE BORDO,DIREÇÃO HIDRÁULICA,MP3 / USB,TRAVAS ELÉTRICAS,VIDROS ELÉTRICOS,VOLANTE COMANDO MULTIMÍDIA;Profissional;Av Vilarinho, 1251, venda nova, Belo Horizonte - 31315-250;29/11/2022
3578868;29/11/2022;65.900,00;1.0;Fiat Argo;Quilometragem,Câmbio,Ano - Modelo,Portas,Combustível,Placa,Troca?,cor;70.035 Km,Manual,2020/2021,4,Bi-Combustível,RFO,Aceito Troca,Prata;AIR BAGS 1,AIR BAGS 2,ALARME,AR CONDICIONADO,AR QUENTE,CÂMBIO MANUAL,CD / MP3,CENTRAL MULTIMIDIA,COMPUTADOR DE BORDO,DIREÇÃO ELÉTRICA,DIREÇÃO HIDRÁULICA,MP3 / USB,TRAVAS ELÉTRICAS,VIDROS ELÉTRICOS,VOLANTE COMANDO MULTIMÍDIA;Profissional;Av Vilarinho, 1251, venda nova, Belo Horizonte - 31315-250;29/11/2022
3451115;29/11/2022;79.700,00;strada;Fiat Strada Cab. Est.;Quilometragem,Câmbio,Ano - Modelo,Portas,Combustível,Placa,Troca?,cor;56.490 Km,Manual,2020/2021,2,Bi-Combustível,RFL,Aceito Troca,Prata;ABS,AR CONDICIONADO,AR QUENTE,CÂMBIO MANUAL,CAPOTA MARÍTIMA,CD / MP3,COMPUTADOR DE BORDO,DIREÇÃO HIDRÁULICA,MP3 / USB,PROTETOR DE CAÇAMBA,TRAVAS ELÉTRICAS,VIDROS ELÉTRICOS;Profissional;Rua Padre Eustaquio, 665, Carlos Prates, Belo Horizonte - 30710-580;29/11/2022
3578651;29/11/2022;62.900,00;1.0;Fiat Argo;Quilometragem,Câmbio,Ano - Modelo,Portas,Combustível,Placa,Troca?,cor;48.000 Km,Manual,2020/2021,4,Bi-Combustível,RFQ,Aceito Troca,Prata;ABS,AIR BAGS 2,ALARME,AR CONDICIONADO,CÂMBIO MANUAL,COMPUTADOR DE BORDO,DESEMBAÇADOR,DIREÇÃO HIDRÁULICA,LIMPADOR TRASEIRO,TRAVAS ELÉTRICAS,VIDROS ELÉTRICOS;Profissional;Rua Mato Grosso, 349, Petrolandia , Contagem - 32073-760;29/11/2022
3578616;29/11/2022;85.500,00;1.4;Fiat Strada Cab Dupla;Quilometragem,Câmbio,Ano - Modelo,Portas,Combustível,Placa,Troca?,cor;30.000 Km,Manual,2019/2020,3,Bi-Combustível,QXF,Aceito Troca,Branco;ABS,AIR BAGS 1,AIR BAGS 2,ALARME,AR CONDICIONADO,AR QUENTE,AR-COND. DIGITAL,CÂMBIO MANUAL,CÂMERA DE RÉ,CAPOTA MARÍTIMA,CD / MP3,CENTRAL MULTIMIDIA,COMPUTADOR DE BORDO,DIREÇÃO HIDRÁULICA,DVD,PROTETOR DE CAÇAMBA,RETROVISORES ELÉTRICOS,RODAS DE LIGA LEVE,SENSOR DE ESTACIONAMENTO,TRAVAS ELÉTRICAS,VIDROS ELÉTRICOS,VOLANTE COMANDO MULTIMÍDIA;Profissional;Av Olimpio Garcia, 1200, Inconfidentes, Contagem - 32315-140;29/11/2022
3578617;29/11/2022;157.900,00;2.0;Fiat Toro;Quilometragem,Câmbio,Ano - Modelo,Portas,Combustível,Placa,Troca?,cor;54.000 Km,Automático,2020/2020,4,Diesel,RFF,Aceito Troca,Azul;ABS,AIR BAGS 2,ALARME,AR CONDICIONADO,AR QUENTE,AR-COND. DIGITAL,BANCOS DE COURO,CÂMBIO AUTOMÁTICO,CÂMERA DE RÉ,CENTRAL MULTIMIDIA,COMPUTADOR DE BORDO,DIREÇÃO ELÉTRICA,LIMPADOR TRASEIRO,PILOTO AUTOMÁTICO,PROTETOR DE CAÇAMBA,RETROVISORES ELÉTRICOS,RODAS DE LIGA LEVE,SENSOR DE ESTACIONAMENTO,TRAÇÃO 4x4,TRAVAS ELÉTRICAS,VOLANTE COMANDO MULTIMÍDIA;Profissional;Av Olimpio Garcia, 1200, Inconfidentes, Contagem - 32315-140;29/11/2022
3509885;29/11/2022;187.000,00;Volcano;Fiat Toro;Quilometragem,Câmbio,Ano - Modelo,Portas,Combustível,Placa,Troca?,cor;17.399 Km,Automático,2021/2022,4,Diesel,RNR,Aceito Troca,Preto;CÂMBIO AUTOMÁTICO;Profissional;Av Cinco, 495, Conj Agua Branca, Contagem - 32370-360;29/11/2022
3578521;29/11/2022;72.900,00;1.4;Fiat Fiorino Furgão;Quilometragem,Câmbio,Ano - Modelo,Portas,Combustível,Placa,Troca?,cor;1 Km,Manual,2020/2020,2,Bi-Combustível,QXU,Aceito Troca,Branco;ABS,AIR BAGS 1,AIR BAGS 2,AR CONDICIONADO,AR QUENTE,CÂMBIO MANUAL,CD / MP3,DIREÇÃO HIDRÁULICA,MP3 / USB,PROTETOR DE CAÇAMBA,TRAVAS ELÉTRICAS,VIDROS ELÉTRICOS;Profissional;Av Tito Fulgencio, 736, Jardim Industrial, Belo Horizonte - 30215-000;29/11/2022
3578592;29/11/2022;53.900,00;DRIVE;Fiat Argo;Quilometragem,Câmbio,Ano - Modelo,Portas,Combustível,Placa,Troca?,Leilão,cor;66.000 Km,Manual,2020/2021,4,Bi-Combustível,RFQ,Aceito Troca,Proveniente de leilão,Branco;ABS,AIR BAGS 2,ALARME,AR CONDICIONADO,AR QUENTE,BANCO AJUSTE ALTURA,CÂMBIO MANUAL,CENTRAL MULTIMIDIA,COMPUTADOR DE BORDO,DESEMBAÇADOR,DIREÇÃO ELÉTRICA,LIMPADOR TRASEIRO,MP3 / USB,TRAVAS ELÉTRICAS,VIDROS ELÉTRICOS,VOLANTE AJUSTÁVEL,VOLANTE COMANDO MULTIMÍDIA;Profissional;Rua Avelino dos Santos, 201, Nova Esperança, Belo Horizonte - 31230-340;29/11/2022
3577932;28/11/2022;69.900,00;1.4;Fiat Strada Cab. Simples;Quilometragem,Câmbio,Ano - Modelo,Portas,Combustível,Placa,Troca?,cor;72.717 Km,Manual,2019/2020,2,Bi-Combustível,QQV,Aceito Troca,Branco;ABS,AIR BAGS 2,ALARME,AR CONDICIONADO,AR QUENTE,BANCO AJUSTE ALTURA,CÂMBIO MANUAL,CAPOTA MARÍTIMA,COMPUTADOR DE BORDO,DESEMBAÇADOR,DIREÇÃO HIDRÁULICA,FARÓIS AUXILIARES,MP3 / USB,PROTETOR DE CAÇAMBA,RODAS DE LIGA LEVE,TRAVAS ELÉTRICAS,VIDROS ELÉTRICOS,VOLANTE COMANDO MULTIMÍDIA;Profissional;Rua Jose Rodrigues Guilherme , 876, nossa senhora do carmo, Contagem - 32015-540;29/11/2022
3508745;28/11/2022;108.000,00;Freedom;Fiat Toro;Quilometragem,Câmbio,Ano - Modelo,Portas,Combustível,Placa,Troca?,cor;34.622 Km,Automático,2019/2020,4,Bi-Combustível,QXH,Aceito Troca,Vermelho;ABS,ALARME,AR CONDICIONADO,AR QUENTE,BANCO AJUSTE ALTURA,CÂMBIO AUTOMÁTICO,CENTRAL MULTIMIDIA,COMPUTADOR DE BORDO,DIREÇÃO HIDRÁULICA,RODAS DE LIGA LEVE,TRAVAS ELÉTRICAS,VIDROS ELÉTRICOS,VOLANTE AJUSTÁVEL,VOLANTE COMANDO MULTIMÍDIA;Profissional;Rua Conde Ribeiro Do Valle , 311, Sagrada Familia, Belo Horizonte - 31030-470;29/11/2022
3578150;28/11/2022;85.700,00;1.8;Fiat Strada Cab Dupla;Quilometragem,Câmbio,Ano - Modelo,Portas,Combustível,Placa,Troca?,cor;40.715 Km,Manual,2019/2020,3,Bi-Combustível,QWR,Aceito Troca,Branco;AIR BAGS 1,AIR BAGS 2,ALARME,AR CONDICIONADO,AR QUENTE,BANCO AJUSTE ALTURA,CÂMBIO MANUAL,COMPUTADOR DE BORDO,DESEMBAÇADOR,DIREÇÃO HIDRÁULICA,RETROVISORES ELÉTRICOS,RODAS DE LIGA LEVE,SENSOR DE ESTACIONAMENTO,TRAVAS ELÉTRICAS,VIDROS ELÉTRICOS,VOLANTE AJUSTÁVEL,VOLANTE COMANDO MULTIMÍDIA;Profissional;Av Jair Rodrigues do Vale, 149, Inconfidentes, Contagem - 32260-080;29/11/2022
3578218;28/11/2022;None;1.4;Fiat Strada Cab. Simples;Quilometragem,Câmbio,Ano - Modelo,Portas,Combustível,Placa,Troca?,cor;15.840 Km,Manual,2021/2022,2,Bi-Combustível,RNH,Aceito Troca,Branco;ABS,AIR BAGS 2,AR CONDICIONADO,AR QUENTE,CÂMBIO MANUAL,DIREÇÃO HIDRÁULICA,MP3 / USB,PROTETOR DE CAÇAMBA,TRAVAS ELÉTRICAS,VIDROS ELÉTRICOS;Profissional;Av Amazonas, 1922, Barro Preto, Belo Horizonte - 30180-003;29/11/2022
3509220;28/11/2022;75.700,00;1.4;Fiat Fiorino Furgão;Quilometragem,Câmbio,Ano - Modelo,Portas,Combustível,Placa,Troca?,cor;51.998 Km,Manual,2019/2020,2,Bi-Combustível,QWY,Aceito Troca,Branco;ABS,AIR BAGS 2,AR CONDICIONADO,AR QUENTE,CÂMBIO MANUAL,DIREÇÃO HIDRÁULICA,FARÓIS AUXILIARES,TRAVAS ELÉTRICAS,VIDROS ELÉTRICOS;Profissional;Av Afonso Vaz de Melo, 2320, Barreiro, Belo Horizonte - 30660-000;29/11/2022
3577776;28/11/2022;139.900,00;ENDURANCE;Fiat Toro;Quilometragem,Câmbio,Ano - Modelo,Portas,Combustível,Placa,Troca?,cor;16.177 Km,Automático,2020/2021,4,Diesel,FWT,Aceito Troca,Branco;ABS,AIR BAGS 2,AR CONDICIONADO,AR QUENTE,AWD,CÂMBIO AUTOMÁTICO,CÂMERA DE RÉ,COMPUTADOR DE BORDO,CONTROLE ESTABILIDADE,CONTROLE TRAÇÃO,DIREÇÃO ELÉTRICA,EBD,GPS,MP3 / USB,RODAS DE LIGA LEVE,SENSOR DE ESTACIONAMENTO,TRAÇÃO 4x4,TRAVAS ELÉTRICAS,VIDROS ELÉTRICOS,VOLANTE AJUSTÁVEL,VOLANTE COMANDO MULTIMÍDIA;Profissional;Av Raja Gabaglia, 4847, Santa Lucia, Belo Horizonte - 30360-670;29/11/2022
3577780;28/11/2022;142.900,00;FREEDOM;Fiat Toro;Quilometragem,Câmbio,Ano - Modelo,Portas,Combustível,Placa,Troca?,cor;3.955 Km,Automático,2021/2022,4,Bi-Combustível,RTN,Aceito Troca,Branco;ABS,AIR BAGS 2,ALARME,AR CONDICIONADO,AR QUENTE,AR-COND. DIGITAL,BANCOS DE COURO,CÂMBIO AUTOMÁTICO,CÂMERA DE RÉ,CAPOTA MARÍTIMA,COMPUTADOR DE BORDO,DIREÇÃO ELÉTRICA,EBD,ENGATE,FARÓIS AUXILIARES,GPS,MP3 / USB,PILOTO AUTOMÁTICO,PROTETOR DE CAÇAMBA,RETROVISORES ELÉTRICOS,RODAS DE LIGA LEVE,SENSOR DE ESTACIONAMENTO,TRAVAS ELÉTRICAS,TURBO,VIDROS ELÉTRICOS,VOLANTE AJUSTÁVEL,VOLANTE COMANDO MULTIMÍDIA;Profissional;Av Raja Gabaglia, 4847, Santa Lucia, Belo Horizonte - 30360-670;29/11/2022
3577888;28/11/2022;171.100,00;2.0;Fiat Toro;Quilometragem,Câmbio,Ano - Modelo,Portas,Combustível,Placa,Troca?,cor;22.289 Km,Automático,2021/2021,4,Diesel,RNA,Aceito Troca,Prata;ABS,AIR BAGS 1,AIR BAGS 2,ALARME,AR CONDICIONADO,AR QUENTE,BANCOS DE COURO,CÂMBIO AUTOMÁTICO,CAPOTA MARÍTIMA,CENTRAL MULTIMIDIA,CONTROLE TRAÇÃO,DESEMBAÇADOR,DIREÇÃO HIDRÁULICA,FARÓIS AUXILIARES,MP3 / USB,PILOTO AUTOMÁTICO,RETROVISORES ELÉTRICOS,TRAÇÃO 4x4,TRAVAS ELÉTRICAS,VIDROS ELÉTRICOS,VOLANTE AJUSTÁVEL;Profissional;Av Raja Gabaglia, 2226, Estoril, Belo Horizonte - 30494-170;29/11/2022
3578038;28/11/2022;177.900,00;2.0;Fiat Toro;Quilometragem,Câmbio,Ano - Modelo,Portas,Combustível,Placa,Troca?,cor;25.675 Km,Automático,2021/2022,4,Diesel,RNS,Aceito Troca,Prata;ABS,AIR BAGS 2,ALARME,AR CONDICIONADO,AR QUENTE,CÂMBIO AUTOMÁTICO,CAPOTA MARÍTIMA,CENTRAL MULTIMIDIA,COMPUTADOR DE BORDO,CONTROLE TRAÇÃO,DESEMBAÇADOR,DIREÇÃO ELÉTRICA,FARÓIS AUXILIARES,RETROVISORES ELÉTRICOS,TRAÇÃO 4x4,TRAVAS ELÉTRICAS,VIDROS ELÉTRICOS,VOLANTE AJUSTÁVEL;Profissional;Av Raja Gabaglia, 2226, Estoril, Belo Horizonte - 30494-170;29/11/2022
