Publicado em 09/11 às 18:28;cód. 1028054386;23.500;Aceita troca;Carros, vans e utilitários,GM - CHEVROLET ASTRA SED.ELITE 2.0 MPFI FLEXP.8V AUT.,GM - CHEVROLET,Sedã,2005,191000,2.0 - 2.9,Gasolina,Não,Automático,Hidráulica,Outra,4 portas,4;Categoria,Modelo,Marca,Tipo de veículo,Ano,Quilometragem,Potência do motor,Combustível,Kit GNV,Câmbio,Direção,Cor,Portas,Final de placa;Vidro elétrico,Air bag,Trava elétrica,Ar condicionado,Direção hidráulica,Alarme,Som,Câmera de ré;Profissional;Divinópolis;https://mg.olx.com.br/regiao-de-divinopolis/autos-e-pecas/carros-vans-e-utilitarios/astra-2-0-elite-2005-automatico-1028054386;10/11/2022
Publicado em 04/11 às 10:38;cód. 1105426505;None;;Carros, vans e utilitários,FIAT IDEA ELX 1.4 MPI FIRE FLEX 8V 5P,FIAT,Hatch,2005,300,Cinza,Não;Categoria,Modelo,Marca,Tipo de veículo,Ano,Quilometragem,Cor,Kit GNV;;Profissional;Itaúna;https://mg.olx.com.br/regiao-de-divinopolis/autos-e-pecas/carros-vans-e-utilitarios/r-fiat-ideia-elx-flex-ano-2005-2005-jb26205-1105426505;10/11/2022
Publicado em 01/11 às 09:55;cód. 1070298220;14.900;Aceita troca,IPVA pago;Carros, vans e utilitários,VW - VOLKSWAGEN GOL 1.0 PLUS 8V 2P,VW - VOLKSWAGEN,Hatch,2005,155000,1.0,Gasolina,Não,Manual,Mecânica,Prata,2 portas,6;Categoria,Modelo,Marca,Tipo de veículo,Ano,Quilometragem,Potência do motor,Combustível,Kit GNV,Câmbio,Direção,Cor,Portas,Final de placa;Trava elétrica,Alarme;Profissional;Itaúna;https://mg.olx.com.br/regiao-de-divinopolis/autos-e-pecas/carros-vans-e-utilitarios/gol-g3-1-0-8v-2005-1070298220;10/11/2022
Publicado em 24/10 às 12:18;cód. 1100933568;None;;Carros, vans e utilitários,GM - CHEVROLET MERIVA MAXX 1.8 MPFI 8V FLEXPOWER,GM - CHEVROLET,2005,300,Prata,Não;Categoria,Modelo,Marca,Ano,Quilometragem,Cor,Kit GNV;;Profissional;Santo Antônio do Monte;https://mg.olx.com.br/regiao-de-divinopolis/autos-e-pecas/carros-vans-e-utilitarios/r-gm-meriva-maxx-ano-2005-2005-jb22885-1100933568;10/11/2022
Publicado em 14/10 às 11:07;cód. 1096726424;None;;Carros, vans e utilitários,FIAT IDEA ELX 1.8 MPI FLEX 8V 5P,FIAT,2005,300,Cinza,Não;Categoria,Modelo,Marca,Ano,Quilometragem,Cor,Kit GNV;;Profissional;Itaúna;https://mg.olx.com.br/regiao-de-divinopolis/autos-e-pecas/carros-vans-e-utilitarios/r-fiat-idea-elx-flex-ano-2005-2005-jb26205-1096726424;10/11/2022
Publicado em 14/10 às 08:08;cód. 1096645794;30.900;Aceita troca,IPVA pago;Carros, vans e utilitários,FIAT STRADA ADV/ADV TRYON 1.8 MPI FLEX 8V CE,FIAT,Pick-up,2005,125000,1.8,Flex,Não,Manual,Hidráulica,Preto,2 portas;Categoria,Modelo,Marca,Tipo de veículo,Ano,Quilometragem,Potência do motor,Combustível,Kit GNV,Câmbio,Direção,Cor,Portas;Vidro elétrico,Trava elétrica,Ar condicionado,Alarme,Som;Profissional;Divinópolis;https://mg.olx.com.br/regiao-de-divinopolis/autos-e-pecas/carros-vans-e-utilitarios/strada-1-8-flex-adventure-2005-1096645794;10/11/2022
Publicado em 08/11 às 10:55;cód. 1106875512;21.500;IPVA pago,Não aceita troca;Carros, vans e utilitários,FIAT FIORINO PICK-UP WORKING 1.5 MPI / I.E.,FIAT,Van/Utilitário,2005,105000,1.5,Gasolina,Não,Manual,Hidráulica,Branco,2 portas,5;Categoria,Modelo,Marca,Tipo de veículo,Ano,Quilometragem,Potência do motor,Combustível,Kit GNV,Câmbio,Direção,Cor,Portas,Final de placa;;Particular;Divinópolis;https://mg.olx.com.br/regiao-de-divinopolis/autos-e-pecas/carros-vans-e-utilitarios/fiorino-1-5-1106875512;10/11/2022
Publicado em 04/11 às 17:53;cód. 1105602155;14.500;Aceita troca,IPVA pago;Carros, vans e utilitários,RENAULT CLIO HI-FLEX/ EXPRES. HI-FLEX 1.6 16V 5P,RENAULT,Sedã,2005,139600,1.6,Flex,Não,Manual,Hidráulica,Prata,4 portas,0;Categoria,Modelo,Marca,Tipo de veículo,Ano,Quilometragem,Potência do motor,Combustível,Kit GNV,Câmbio,Direção,Cor,Portas,Final de placa;Vidro elétrico,Air bag,Trava elétrica,Ar condicionado,Alarme;Particular;Dores do Indaiá;https://mg.olx.com.br/regiao-de-divinopolis/autos-e-pecas/carros-vans-e-utilitarios/vendo-renault-clio-1-6-ano-2005-2006-1105602155;10/11/2022
Publicado em 02/11 às 15:03;cód. 1104704051;16.000;Aceita troca,IPVA pago;Carros, vans e utilitários,VW - VOLKSWAGEN GOL CITY 1.0 MI 8V 4P,VW - VOLKSWAGEN,Hatch,2005,167000,1.0,Gasolina,Não,Manual,Hidráulica,Cinza,4 portas,3;Categoria,Modelo,Marca,Tipo de veículo,Ano,Quilometragem,Potência do motor,Combustível,Kit GNV,Câmbio,Direção,Cor,Portas,Final de placa;Vidro elétrico,Trava elétrica,Ar condicionado,Alarme,Som;Particular;Camacho;https://mg.olx.com.br/regiao-de-divinopolis/autos-e-pecas/carros-vans-e-utilitarios/gol-g3-1104704051;10/11/2022
Publicado em 01/11 às 20:34;cód. 1104504563;14.700;IPVA pago,Não aceita troca;Carros, vans e utilitários,FIAT UNO MILLE 1.0 FIRE/ F.FLEX/ ECONOMY 4P,FIAT,2005,100000,1.0,Flex,Não,Manual,Mecânica,Prata,4 portas,1;Categoria,Modelo,Marca,Ano,Quilometragem,Potência do motor,Combustível,Kit GNV,Câmbio,Direção,Cor,Portas,Final de placa;Vidro elétrico,Trava elétrica,Alarme;Particular;Carmo do Cajuru;https://mg.olx.com.br/regiao-de-divinopolis/autos-e-pecas/carros-vans-e-utilitarios/fiat-uno-mille-fire-2005-1104504563;10/11/2022
Publicado em 01/11 às 13:30;cód. 1104312378;28.000;Não aceita troca;Carros, vans e utilitários,TOYOTA COROLLA XEI 1.8/1.8 FLEX 16V AUT.,TOYOTA,Sedã,2005,169000,1.8,Gasolina,Não,Manual,Hidráulica,Azul,4 portas,1;Categoria,Modelo,Marca,Tipo de veículo,Ano,Quilometragem,Potência do motor,Combustível,Kit GNV,Câmbio,Direção,Cor,Portas,Final de placa;Vidro elétrico,Trava elétrica,Ar condicionado,Alarme,Som;Particular;Luz;https://mg.olx.com.br/regiao-de-divinopolis/autos-e-pecas/carros-vans-e-utilitarios/corolla-xei-2005-2005-1104312378;10/11/2022
Publicado em 30/10 às 10:06;cód. 1103558772;16.500;Aceita troca;Carros, vans e utilitários,VW - VOLKSWAGEN FOX CITY 1.0 MI/ 1.0MI TOTAL FLEX 8V 5P,VW - VOLKSWAGEN,Hatch,2005,140000,1.0,Flex,Não,Manual,Mecânica,Preto,4 portas,5;Categoria,Modelo,Marca,Tipo de veículo,Ano,Quilometragem,Potência do motor,Combustível,Kit GNV,Câmbio,Direção,Cor,Portas,Final de placa;Vidro elétrico,Trava elétrica,Alarme,Som;Particular;Itaúna;https://mg.olx.com.br/regiao-de-divinopolis/autos-e-pecas/carros-vans-e-utilitarios/fox-2005-1103558772;10/11/2022
Publicado em 24/10 às 13:45;cód. 1100978235;54.900;Aceita troca,IPVA pago;Carros, vans e utilitários,FORD RANGER LIMITED 3.0 PSE 4X4 CD TB DIESEL,FORD,Pick-up,2005,220000,3.0 - 3.9,Diesel,Não,Manual,Hidráulica,Prata,4 portas,6;Categoria,Modelo,Marca,Tipo de veículo,Ano,Quilometragem,Potência do motor,Combustível,Kit GNV,Câmbio,Direção,Cor,Portas,Final de placa;Vidro elétrico,Trava elétrica,Ar condicionado,Alarme,Som;Particular;Pará de Minas;https://mg.olx.com.br/regiao-de-divinopolis/autos-e-pecas/carros-vans-e-utilitarios/ranger-3-0-diesel-4x4-1100978235;10/11/2022
Publicado em 24/10 às 07:32;cód. 1100820574;15.000;Aceita troca,IPVA pago;Carros, vans e utilitários,FIAT PALIO CITY 1.0 4P,FIAT,2005,320,1.0,Gasolina,Não,Manual,Azul,4 portas,9;Categoria,Modelo,Marca,Ano,Quilometragem,Potência do motor,Combustível,Kit GNV,Câmbio,Cor,Portas,Final de placa;Vidro elétrico,Alarme;Particular;Pitangui;https://mg.olx.com.br/regiao-de-divinopolis/autos-e-pecas/carros-vans-e-utilitarios/vendo-esse-carro-1100820574;10/11/2022
Publicado em 22/10 às 06:34;cód. 1100147932;18.500;IPVA pago,Não aceita troca;Carros, vans e utilitários,FIAT SIENA 1.0/ EX 1.0 MPI FIRE/ FIRE FLEX 8V,FIAT,Sedã,2005,85000,1.0,Flex,Não,Manual,Hidráulica,Prata,4 portas,4;Categoria,Modelo,Marca,Tipo de veículo,Ano,Quilometragem,Potência do motor,Combustível,Kit GNV,Câmbio,Direção,Cor,Portas,Final de placa;Vidro elétrico,Trava elétrica,Ar condicionado,Alarme,Som;Particular;Carmo do Cajuru;https://mg.olx.com.br/regiao-de-divinopolis/autos-e-pecas/carros-vans-e-utilitarios/fiat-siena-completo-1100147932;10/11/2022
Publicado em 21/10 às 19:31;cód. 1100008051;22.500;IPVA pago,Não aceita troca;Carros, vans e utilitários,VW - VOLKSWAGEN POLO 1.6 MI/ S.OURO 1.6MI 101CV 8V 5P,VW - VOLKSWAGEN,Hatch,2005,198000,1.6,Flex,Não,Manual,Hidráulica,Prata,4 portas,8;Categoria,Modelo,Marca,Tipo de veículo,Ano,Quilometragem,Potência do motor,Combustível,Kit GNV,Câmbio,Direção,Cor,Portas,Final de placa;Vidro elétrico,Trava elétrica,Ar condicionado,Alarme,Som;Particular;Pará de Minas;https://mg.olx.com.br/regiao-de-divinopolis/autos-e-pecas/carros-vans-e-utilitarios/polo-1-6-1100008051;10/11/2022
Publicado em 16/10 às 13:02;cód. 1097548826;12.000;IPVA pago,Não aceita troca;Carros, vans e utilitários,VW - VOLKSWAGEN GOL 1.0 PLUS 8V 4P,VW - VOLKSWAGEN,2005,0,1.0,Flex,Não,Manual,Cinza,4 portas;Categoria,Modelo,Marca,Ano,Quilometragem,Potência do motor,Combustível,Kit GNV,Câmbio,Cor,Portas;Som;Particular;Pitangui;https://mg.olx.com.br/regiao-de-divinopolis/autos-e-pecas/carros-vans-e-utilitarios/vendo-gol-g3-2005-1097548826;10/11/2022
Publicado em 13/10 às 18:37;cód. 1096433861;23.000;Aceita troca,IPVA pago;Carros, vans e utilitários,GM - CHEVROLET ASTRA ELEGANCE 2.0 MPFI FLEXPOWER 8V 5P,GM - CHEVROLET,Hatch,2005,167000,2.0 - 2.9,Flex,Não,Manual,Hidráulica,Preto,4 portas,7;Categoria,Modelo,Marca,Tipo de veículo,Ano,Quilometragem,Potência do motor,Combustível,Kit GNV,Câmbio,Direção,Cor,Portas,Final de placa;Vidro elétrico,Air bag,Trava elétrica,Ar condicionado,Alarme,Som;Particular;Pompéu;https://mg.olx.com.br/regiao-de-divinopolis/autos-e-pecas/carros-vans-e-utilitarios/astra-2005-flex-2-0-8-valvulas-1096433861;10/11/2022
Publicado em 13/10 às 14:20;cód. 1096288670;65.000;Aceita troca;Carros, vans e utilitários,FORD RANGER XLT 2.8 8V 135CV 4X4 CD TB DIESEL,FORD,Van/Utilitário,2005,222000,2.0 - 2.9,Diesel,Não,Manual,Hidráulica,Prata,4 portas,3;Categoria,Modelo,Marca,Tipo de veículo,Ano,Quilometragem,Potência do motor,Combustível,Kit GNV,Câmbio,Direção,Cor,Portas,Final de placa;Vidro elétrico,Air bag,Trava elétrica,Ar condicionado,Alarme,Som,Câmera de ré;Particular;Piumhi;https://mg.olx.com.br/regiao-de-divinopolis/autos-e-pecas/carros-vans-e-utilitarios/vendo-ou-troco-ranger-xlt-2-8-diesel-cabine-dupla-4-4-1096288670;10/11/2022
Publicado em 10/10 às 13:04;cód. 1094964848;35.000;Aceita troca,IPVA pago;Carros, vans e utilitários,VW - VOLKSWAGEN GOLF 1.6MI/ 1.6MI GENER./BLACK & SILVER,VW - VOLKSWAGEN,2005,160000,1.6,Gasolina,Não,Manual,Hidráulica,Cinza,4 portas;Categoria,Modelo,Marca,Ano,Quilometragem,Potência do motor,Combustível,Kit GNV,Câmbio,Direção,Cor,Portas;Vidro elétrico,Air bag,Trava elétrica,Ar condicionado,Alarme,Som,Sensor de ré,Câmera de ré;Particular;Divinópolis;https://mg.olx.com.br/regiao-de-divinopolis/autos-e-pecas/carros-vans-e-utilitarios/golf-generation-1094964848;10/11/2022
Publicado em 10/10 às 09:31;cód. 1094866435;20.000;Aceita troca,IPVA pago;Carros, vans e utilitários,HONDA CIVIC SEDAN LX 1.7 16V 115CV MEC. 4P,HONDA,Sedã,2005,224000,1.7,Gasolina,Não,Manual,Hidráulica,Preto,4 portas,1;Categoria,Modelo,Marca,Tipo de veículo,Ano,Quilometragem,Potência do motor,Combustível,Kit GNV,Câmbio,Direção,Cor,Portas,Final de placa;Vidro elétrico,Air bag,Trava elétrica,Ar condicionado,Alarme,Som,Câmera de ré;Particular;Divinópolis;https://mg.olx.com.br/regiao-de-divinopolis/autos-e-pecas/carros-vans-e-utilitarios/honda-civic-04-05-1094866435;10/11/2022
Publicado em 09/10 às 13:19;cód. 1094620157;10.990;IPVA pago,Não aceita troca;Carros, vans e utilitários,VW - VOLKSWAGEN GOL CITY 1.0 MI 8V 4P,VW - VOLKSWAGEN,2005,204000,1.0,Gasolina,Não,Manual,Mecânica,Preto,4 portas,0;Categoria,Modelo,Marca,Ano,Quilometragem,Potência do motor,Combustível,Kit GNV,Câmbio,Direção,Cor,Portas,Final de placa;;Particular;Divinópolis;https://mg.olx.com.br/regiao-de-divinopolis/autos-e-pecas/carros-vans-e-utilitarios/gol-2005-barato-10-990-00-1094620157;10/11/2022
Publicado em 07/10 às 12:28;cód. 1093866237;15.000;Carro Financiado,Com multa,Não aceita troca,Único dono;Carros, vans e utilitários,FORD FIESTA 1.0I 3P E 5P,FORD,Hatch,2005,236123,1.0,Gasolina,Não,Manual,Mecânica,Preto,4 portas,6;Categoria,Modelo,Marca,Tipo de veículo,Ano,Quilometragem,Potência do motor,Combustível,Kit GNV,Câmbio,Direção,Cor,Portas,Final de placa;Vidro elétrico,Som;Particular;Capitólio;https://mg.olx.com.br/regiao-de-divinopolis/autos-e-pecas/carros-vans-e-utilitarios/ford-fiesta-2005-1093866237;10/11/2022
Publicado em 06/10 às 21:40;cód. 1093647077;23.900;Aceita troca,IPVA pago;Carros, vans e utilitários,FIAT DOBLO CARGO 1.3 FIRE 16V 4/5P,FIAT,Pick-up,2005,220000,1.3,Gasolina,Não,Manual,Hidráulica,Branco,2 portas,3;Categoria,Modelo,Marca,Tipo de veículo,Ano,Quilometragem,Potência do motor,Combustível,Kit GNV,Câmbio,Direção,Cor,Portas,Final de placa;Vidro elétrico,Trava elétrica,Alarme,Sensor de ré;Particular;Divinópolis;https://mg.olx.com.br/regiao-de-divinopolis/autos-e-pecas/carros-vans-e-utilitarios/vendo-ou-troco-por-carro-com-margem-pra-revenda-1093647077;10/11/2022
Publicado em 05/10 às 13:23;cód. 1092870217;29.000;IPVA pago,Não aceita troca;Carros, vans e utilitários,VW - VOLKSWAGEN SAVEIRO SUPER SURF 1.6 MI TOTAL FLEX 8V,VW - VOLKSWAGEN,Pick-up,2005,132000,Flex,Não,Manual,Hidráulica,Preto,2 portas,7;Categoria,Modelo,Marca,Tipo de veículo,Ano,Quilometragem,Combustível,Kit GNV,Câmbio,Direção,Cor,Portas,Final de placa;Vidro elétrico,Trava elétrica,Alarme,Som,Sensor de ré;Particular;Pará de Minas;https://mg.olx.com.br/regiao-de-divinopolis/autos-e-pecas/carros-vans-e-utilitarios/saveiro-surf-1092870217;10/11/2022
Publicado em 05/10 às 05:05;cód. 1092711306;17.500;Aceita troca,IPVA pago;Carros, vans e utilitários,FIAT PALIO 1.0/ TROFEO 1.0 FIRE/ FIRE FLEX 4P,FIAT,2005,87000,Flex,Não,Prata,4 portas;Categoria,Modelo,Marca,Ano,Quilometragem,Combustível,Kit GNV,Cor,Portas;Trava elétrica,Alarme;Particular;Itaúna;https://mg.olx.com.br/regiao-de-divinopolis/autos-e-pecas/carros-vans-e-utilitarios/palio-1-0-2005-2006-1092711306;10/11/2022
Publicado em 03/10 às 19:40;cód. 1092266471;23.000;Aceita troca,IPVA pago;Carros, vans e utilitários,FORD ECOSPORT XL 1.6/ 1.6 FLEX 8V 5P,FORD,SUV,2005,145668,1.6,Manual,Hidráulica,Prata,4,Não;Categoria,Modelo,Marca,Tipo de veículo,Ano,Quilometragem,Potência do motor,Câmbio,Direção,Cor,Final de placa,Kit GNV;Vidro elétrico,Trava elétrica,Ar condicionado,Alarme,Som;Particular;Itaúna;https://mg.olx.com.br/regiao-de-divinopolis/autos-e-pecas/carros-vans-e-utilitarios/ecosport-1092266471;10/11/2022
Publicado em 03/10 às 18:21;cód. 1092236999;25.000;IPVA pago,Não aceita troca;Carros, vans e utilitários,VW - VOLKSWAGEN GOLF 1.6MI/ 1.6MI GENER./BLACK & SILVER,VW - VOLKSWAGEN,Hatch,2005,158800,1.6,Gasolina,Não,Manual,Hidráulica,Prata,4 portas,4;Categoria,Modelo,Marca,Tipo de veículo,Ano,Quilometragem,Potência do motor,Combustível,Kit GNV,Câmbio,Direção,Cor,Portas,Final de placa;Vidro elétrico,Trava elétrica,Ar condicionado,Alarme;Particular;Divinópolis;https://mg.olx.com.br/regiao-de-divinopolis/autos-e-pecas/carros-vans-e-utilitarios/golf-1-6-1092236999;10/11/2022
Publicado em 03/10 às 17:29;cód. 1092213290;32.000;Aceita troca,IPVA pago;Carros, vans e utilitários,VW - VOLKSWAGEN SAVEIRO SUPER SURF 1.6 MI TOTAL FLEX 8V,VW - VOLKSWAGEN,Pick-up,2005,170,1.6,Flex,Não,Manual,Hidráulica,Preto,2 portas,0;Categoria,Modelo,Marca,Tipo de veículo,Ano,Quilometragem,Potência do motor,Combustível,Kit GNV,Câmbio,Direção,Cor,Portas,Final de placa;Vidro elétrico,Trava elétrica,Alarme,Som,Câmera de ré;Particular;Cláudio;https://mg.olx.com.br/regiao-de-divinopolis/autos-e-pecas/carros-vans-e-utilitarios/saveiro-g3-super-surf-1092213290;10/11/2022
Publicado em 02/10 às 20:39;cód. 1091871229;54.000;Aceita troca,IPVA pago;Carros, vans e utilitários,FORD RANGER LIMITED 3.0 PSE 4X4 CD TB DIESEL,FORD,Pick-up,2005,48000,3.0 - 3.9,Diesel,Não,Manual,Hidráulica,Prata,4 portas;Categoria,Modelo,Marca,Tipo de veículo,Ano,Quilometragem,Potência do motor,Combustível,Kit GNV,Câmbio,Direção,Cor,Portas;Vidro elétrico,Trava elétrica,Ar condicionado,Alarme,Som;Particular;Divinópolis;https://mg.olx.com.br/regiao-de-divinopolis/autos-e-pecas/carros-vans-e-utilitarios/vendo-ranger-1091871229;10/11/2022
Publicado em 30/09 às 07:41;cód. 1091034130;16.000;IPVA pago,Não aceita troca;Carros, vans e utilitários,FORD 1.0 ROCAM SE PLUS HATCH 8V FLEX 4P MANUAL,FORD,Hatch,2005,69000,1.0,Gasolina,Não,Manual,Hidráulica,Prata,4 portas,5;Categoria,Modelo,Marca,Tipo de veículo,Ano,Quilometragem,Potência do motor,Combustível,Kit GNV,Câmbio,Direção,Cor,Portas,Final de placa;Vidro elétrico,Trava elétrica,Ar condicionado,Alarme,Som;Particular;Carmópolis de Minas;https://mg.olx.com.br/regiao-de-divinopolis/autos-e-pecas/carros-vans-e-utilitarios/ford-fiesta-1-0-1091034130;10/11/2022
Publicado em 26/09 às 21:19;cód. 1089452306;22.900;Aceita troca,IPVA pago;Carros, vans e utilitários,GM - CHEVROLET ASTRA SED.ELEG.2.0 MPFI FLEXPOWER 8V 4P,GM - CHEVROLET,Sedã,2005,150000,2.0 - 2.9,Flex,Não,Manual,Hidráulica,Prata,4 portas,0;Categoria,Modelo,Marca,Tipo de veículo,Ano,Quilometragem,Potência do motor,Combustível,Kit GNV,Câmbio,Direção,Cor,Portas,Final de placa;Vidro elétrico,Air bag,Trava elétrica,Ar condicionado,Alarme,Som;Particular;Itaúna;https://mg.olx.com.br/regiao-de-divinopolis/autos-e-pecas/carros-vans-e-utilitarios/astra-elegance-2-0-flex-completo-de-tudo-1089452306;10/11/2022
Publicado em 26/09 às 08:13;cód. 1089083919;23.000;Aceita troca,IPVA pago;Carros, vans e utilitários,FIAT PALIO WEEK. ADV/ADV TRYON 1.8 MPI FLEX,FIAT,2005,128000,1.8,Flex,Não,Manual,Hidráulica,Cinza,4 portas,9;Categoria,Modelo,Marca,Ano,Quilometragem,Potência do motor,Combustível,Kit GNV,Câmbio,Direção,Cor,Portas,Final de placa;Vidro elétrico,Trava elétrica,Ar condicionado,Alarme;Particular;Itaúna;https://mg.olx.com.br/regiao-de-divinopolis/autos-e-pecas/carros-vans-e-utilitarios/palio-weekend-adventure-1-8-8v-gm-2005-flex-1089083919;10/11/2022
Publicado em 24/09 às 17:02;cód. 1088662035;15.000;Aceita troca,IPVA pago;Carros, vans e utilitários,VW - VOLKSWAGEN GOL 1.0 PLUS 8V 4P,VW - VOLKSWAGEN,2005,130000,1.0,Flex,Não,Manual,Mecânica,Preto,4 portas,4;Categoria,Modelo,Marca,Ano,Quilometragem,Potência do motor,Combustível,Kit GNV,Câmbio,Direção,Cor,Portas,Final de placa;Ar condicionado;Particular;Piumhi;https://mg.olx.com.br/regiao-de-divinopolis/autos-e-pecas/carros-vans-e-utilitarios/gol-g4-1-0-flex-1088662035;10/11/2022
Publicado em 24/09 às 09:47;cód. 1088498382;18.000;Aceita troca,Carro de leilão;Carros, vans e utilitários,AUDI A3 1.8 TURBO 180CV 5P AUT./ TIP.,AUDI,Hatch,2005,150000,1.8,Gasolina,Não,Automático,Hidráulica,Prata,4 portas,7;Categoria,Modelo,Marca,Tipo de veículo,Ano,Quilometragem,Potência do motor,Combustível,Kit GNV,Câmbio,Direção,Cor,Portas,Final de placa;Vidro elétrico,Air bag,Trava elétrica,Ar condicionado,Alarme,Som;Particular;Divinópolis;https://mg.olx.com.br/regiao-de-divinopolis/autos-e-pecas/carros-vans-e-utilitarios/audi-a3-1-8t-1088498382;10/11/2022
Publicado em 23/09 às 20:39;cód. 1088349443;23.900;Aceita troca,IPVA pago,Único dono;Carros, vans e utilitários,GM - CHEVROLET MONTANA 1.8/ 1.8 CONQUEST FLEXPOWER 8V,GM - CHEVROLET,Pick-up,2005,102025,1.8,Flex,Não,Manual,Hidráulica,Prata,4 portas,4;Categoria,Modelo,Marca,Tipo de veículo,Ano,Quilometragem,Potência do motor,Combustível,Kit GNV,Câmbio,Direção,Cor,Portas,Final de placa;Trava elétrica,Ar condicionado,Som,Sensor de ré,Câmera de ré;Particular;Divinópolis;https://mg.olx.com.br/regiao-de-divinopolis/autos-e-pecas/carros-vans-e-utilitarios/montana-1-8flex-completa-2005-financio-ou-divido-no-cartao-1088349443;10/11/2022
Publicado em 22/09 às 13:34;cód. 1087700071;67.000;Não aceita troca;Carros, vans e utilitários,GM - CHEVROLET S10 P-UP COLINA 2.8 TDI 4X2/4X4 CS DIES.,GM - CHEVROLET,Van/Utilitário,2005,300,2.0 - 2.9,Diesel,Não,Manual,Hidráulica,Branco,2 portas,9;Categoria,Modelo,Marca,Tipo de veículo,Ano,Quilometragem,Potência do motor,Combustível,Kit GNV,Câmbio,Direção,Cor,Portas,Final de placa;Vidro elétrico,Trava elétrica,Ar condicionado,Alarme;Particular;Divinópolis;https://mg.olx.com.br/regiao-de-divinopolis/autos-e-pecas/carros-vans-e-utilitarios/s-10-cs-diesel-1087700071;10/11/2022
Publicado em 21/09 às 19:09;cód. 1087363838;13.000;IPVA pago,Não aceita troca;Carros, vans e utilitários,VW - VOLKSWAGEN FOX CITY 1.0 MI/ 1.0MI TOTAL FLEX 8V 5P,VW - VOLKSWAGEN,Hatch,2005,80000,1.0,Flex,Não,Manual,Mecânica,Preto,4 portas,3;Categoria,Modelo,Marca,Tipo de veículo,Ano,Quilometragem,Potência do motor,Combustível,Kit GNV,Câmbio,Direção,Cor,Portas,Final de placa;Trava elétrica;Particular;Itapecerica;https://mg.olx.com.br/regiao-de-divinopolis/autos-e-pecas/carros-vans-e-utilitarios/fox-1087363838;10/11/2022
Publicado em 19/09 às 20:54;cód. 1086407595;23.500;IPVA pago,Não aceita troca;Carros, vans e utilitários,VW - VOLKSWAGEN FOX PLUS 1.6MI/ 1.6MI TOTAL FLEX 8V 4P,VW - VOLKSWAGEN,Hatch,2005,100000,1.6,Flex,Não,Manual,Hidráulica,Verde,4 portas,4;Categoria,Modelo,Marca,Tipo de veículo,Ano,Quilometragem,Potência do motor,Combustível,Kit GNV,Câmbio,Direção,Cor,Portas,Final de placa;Vidro elétrico,Trava elétrica,Alarme,Som;Particular;Camacho;https://mg.olx.com.br/regiao-de-divinopolis/autos-e-pecas/carros-vans-e-utilitarios/fox-1-6-1086407595;10/11/2022
Publicado em 19/09 às 11:46;cód. 1086156140;33.000;Aceita troca;Carros, vans e utilitários,TOYOTA 1.8 16V GASOLINA 4P AUTOMATICO,TOYOTA,Van/Utilitário,2005,159000,1.8,Gasolina,Não,Automático,Hidráulica,Preto,4 portas,9;Categoria,Modelo,Marca,Tipo de veículo,Ano,Quilometragem,Potência do motor,Combustível,Kit GNV,Câmbio,Direção,Cor,Portas,Final de placa;Vidro elétrico,Air bag,Trava elétrica,Ar condicionado,Alarme;Particular;Itaúna;https://mg.olx.com.br/regiao-de-divinopolis/autos-e-pecas/carros-vans-e-utilitarios/fielder-2005-1-8xei-1086156140;10/11/2022
Publicado em 18/09 às 10:17;cód. 1085798063;26.000;Aceita troca;Carros, vans e utilitários,GM - CHEVROLET ZAFIRA ELITE 2.0 MPFI FLEXPOWER 8V  AUT,GM - CHEVROLET,2005,156,2.0 - 2.9,Flex,Não,Automático,Hidráulica,Prata,4 portas,8;Categoria,Modelo,Marca,Ano,Quilometragem,Potência do motor,Combustível,Kit GNV,Câmbio,Direção,Cor,Portas,Final de placa;Vidro elétrico,Air bag,Trava elétrica,Ar condicionado,Alarme,Som,Sensor de ré;Particular;Divinópolis;https://mg.olx.com.br/regiao-de-divinopolis/autos-e-pecas/carros-vans-e-utilitarios/zafira-2-0-7-lugares-1085798063;10/11/2022
Publicado em 17/09 às 14:02;cód. 1085564366;24.000;Aceita troca,IPVA pago;Carros, vans e utilitários,VW - VOLKSWAGEN GOL 1.6 MI RALLYE TOTAL FLEX 8V 4P,VW - VOLKSWAGEN,Hatch,2005,251000,1.6,Flex,Não,Manual,Hidráulica,Cinza,4 portas,0;Categoria,Modelo,Marca,Tipo de veículo,Ano,Quilometragem,Potência do motor,Combustível,Kit GNV,Câmbio,Direção,Cor,Portas,Final de placa;Vidro elétrico,Trava elétrica,Ar condicionado,Alarme,Som;Particular;Lagoa da Prata;https://mg.olx.com.br/regiao-de-divinopolis/autos-e-pecas/carros-vans-e-utilitarios/gol-rallye-1-6-completo-8v-1085564366;10/11/2022
Publicado em 16/09 às 16:53;cód. 1085215371;23.000;Aceita troca;Carros, vans e utilitários,VW - VOLKSWAGEN PARATI 1.6 MI PLUS TOTAL FLEX  8V 4P,VW - VOLKSWAGEN,Sedã,2005,100000,1.6,Flex,Não,Manual,Hidráulica,Prata,4 portas,9;Categoria,Modelo,Marca,Tipo de veículo,Ano,Quilometragem,Potência do motor,Combustível,Kit GNV,Câmbio,Direção,Cor,Portas,Final de placa;Vidro elétrico,Trava elétrica,Ar condicionado,Alarme;Particular;Itaúna;https://mg.olx.com.br/regiao-de-divinopolis/autos-e-pecas/carros-vans-e-utilitarios/parati-1-6-2005-completa-1085215371;10/11/2022
Publicado em 14/09 às 16:58;cód. 1084251082;52.000;Aceita troca;Carros, vans e utilitários,FORD EXPLORER LIMITED 4.0 4X4 V6 213CV,FORD,SUV,2005,205,4.0 ou mais,Gasolina,Não,Automático,Hidráulica,Prata,4 portas,7;Categoria,Modelo,Marca,Tipo de veículo,Ano,Quilometragem,Potência do motor,Combustível,Kit GNV,Câmbio,Direção,Cor,Portas,Final de placa;Vidro elétrico,Air bag,Trava elétrica,Ar condicionado,Alarme,Som,Sensor de ré;Particular;Divinópolis;https://mg.olx.com.br/regiao-de-divinopolis/autos-e-pecas/carros-vans-e-utilitarios/ford-explore-1084251082;10/11/2022
